,sofifa_id,final_prediction
,,
0,20801,83.73009361736192
1,158023,90.4509100015764
2,190871,86.30174251407863
3,167495,30.377179706397648
4,176580,82.65572921017309
5,188545,80.23986694897295
6,193080,29.21525662689381
7,183277,85.69587331033061
8,155862,71.54627690885926
9,167664,73.3744487292673
10,182521,85.98331908312207
11,192119,20.30461212671796
12,192985,85.33374745213499
13,1179,22.673169581386748
14,138956,53.4358477624931
15,153079,79.54977770364823
16,173731,85.2329484407374
17,177003,84.0576026395241
18,184941,81.45931418291607
19,200389,17.38432556446391
20,211110,85.87952025195449
21,194765,81.67557996170294
22,189509,86.17852535412491
23,9014,83.87955624242922
24,41236,81.0684904258042
25,164240,71.06398144232186
26,167948,23.01772771007919
27,176635,84.60500324177426
28,178603,69.69518948543138
29,182493,59.979220900835315
30,183907,61.105995512378996
31,184344,68.89853028782814
32,188567,76.32023400266212
33,195864,85.46480075698842
34,190460,86.0923929585981
35,199556,80.90865251758406
36,215914,67.82232221279524
37,152729,63.69468280276007
38,162835,19.750893395261063
39,168542,82.58435196031432
40,168651,86.15061116399774
41,171877,81.51855711950975
42,176676,79.31577548228023
43,179813,72.6103607622087
44,181872,76.93055790781371
45,192505,72.1558606964575
46,197781,85.25172171583094
47,202126,74.04896241197963
48,189242,84.77611798760846
49,198710,84.49837444554413
50,191043,74.30955283711316
51,197445,81.09425360690888
52,184087,69.23226223314225
53,48940,19.575984102648555
54,156616,83.64667563061681
55,162895,82.76498650619384
56,165153,74.98220735241625
57,168609,55.73775508477928
58,172879,50.332486049281556
59,175943,82.17570310862602
60,177610,60.9310176729809
61,178518,77.57335673557107
62,179844,66.89237681286752
63,179944,73.58919990547183
64,188350,84.82257131268635
65,189511,73.99169634573327
66,189596,73.84025210278203
67,201535,62.12077460077522
68,208418,81.85107012265514
69,192448,21.76807949334744
70,200145,73.0649966686157
71,192563,18.253311622792864
72,193301,75.21255939448257
73,184432,70.15073394002366
74,186942,82.55277379239617
75,180206,86.75515577210885
76,198219,82.96331450271292
77,137186,55.07000840371472
78,139720,61.73263295941531
79,164169,76.55356196444475
80,167628,18.24028814774333
81,170890,69.58519653243268
82,172871,69.82174233413649
83,173210,81.57360770732399
84,183898,80.67334782551026
85,189332,75.55432684687153
86,190547,46.26389577314447
87,192593,27.386530927987447
88,192883,78.92958141442347
89,193041,19.52521020175677
90,220834,82.4916468800674
91,218667,80.48742878585276
92,200316,20.30081645803303
93,211117,74.61052339536595
94,201399,62.77894317776482
95,212218,68.68704122701985
96,225508,55.98344485465227
97,193747,82.63634894782102
98,201153,68.42972880270729
99,201024,44.934224954823065
100,202166,81.35624480381824
101,204963,70.14140538154912
102,208722,76.28606958456348
103,189117,17.652307900753705
104,192227,59.442549538148235
105,192774,44.76264831463744
106,178750,22.462683191855575
107,179783,18.275361631962316
108,189712,78.50775092900778
109,106231,65.27073907431586
110,143076,80.27932839956671
111,146530,79.81816352234628
112,164468,51.67223740295306
113,165229,54.64487903126141
114,167397,73.50712262894011
115,177388,86.7020186171757
116,177509,51.262022294302874
117,178088,83.01044423296531
118,179846,75.31220631828135
119,180403,83.61552850713352
120,180930,69.37713565033971
121,181458,77.57279224701554
122,184120,77.8781419693931
123,189505,76.2259274405461
124,191740,78.4659959702401
125,231747,75.75773703678688
126,231443,78.53790033148813
127,213565,82.17362786433782
128,208596,64.40795478730561
129,207865,60.46579514279915
130,210257,23.02526116300935
131,212190,46.54241514250007
132,215316,18.760430562132715
133,198009,20.242488035665176
134,198176,53.399462203778945
135,205600,70.47281537077988
136,209499,69.86885068235931
137,212814,78.05486256970133
138,220971,74.60597156624857
139,201942,78.92028619323727
140,216460,49.23964024259329
141,186547,57.86635119331875
142,199482,19.40991845994805
143,203376,69.7602532711322
144,209331,74.64524283257511
145,177358,73.20118018774377
146,197061,59.52974638077281
147,208448,80.07550252878772
148,163587,24.10194862563669
149,177683,19.442262003888
150,185239,56.40038480158213
151,188377,73.8293605681706
152,193474,62.44350553358152
153,204485,81.21610110102779
154,20289,81.00782058970267
155,24630,15.680235699879079
156,53302,71.04272463214845
157,139068,83.31815430524198
158,139869,84.89761961986113
159,142754,65.35670884746783
160,146562,83.47023814045608
161,146748,15.523500294132335
162,146760,72.19581971508293
163,158963,78.28590152831671
164,159147,64.42348474623023
165,161956,82.39692462421216
166,162240,74.39317154984654
167,167905,73.45044520008013
168,170481,66.82295374717074
169,173771,69.48248117354235
170,176600,74.77873774835857
171,178562,83.2200226195081
172,179784,56.67803006299569
173,180819,78.16786689312971
174,181783,66.01459845077552
175,184144,81.18302610739839
176,185020,70.61023296939412
177,187936,68.84286025939439
178,189125,80.89602575648759
179,189358,76.8919396232408
180,191180,81.5278241446834
181,191202,73.15770550922578
182,192366,52.76712314766987
183,192629,78.23487612213054
184,230621,20.497911281531202
185,222492,76.21043244857482
186,208421,74.6896136147079
187,211300,73.2744675523853
188,215785,72.70655145623924
189,202477,80.2942646869004
190,219683,76.1113231282061
191,207410,80.77142837789245
192,209658,78.14103813288435
193,211575,78.54139334270813
194,212404,80.82561515507705
195,213331,50.273398465407645
196,219809,64.11901781643522
197,202335,68.91588830370495
198,202651,83.3250950179402
199,202652,71.84464455516085
200,206652,18.83321298347765
201,212188,66.0770125898436
202,195093,69.6878828920773
203,204525,64.65266785981481
204,204639,49.058360415578946
205,205452,57.28455629929402
206,181291,77.93178835138028
207,188942,67.98704368821458
208,199503,75.24322677786961
209,200104,77.15043911798969
210,200949,77.78252265866084
211,203483,67.5379303363467
212,204970,76.43809573557411
213,206545,78.70564299455341
214,216594,79.50626318489617
215,183711,78.31843526513754
216,186153,19.670043399561802
217,188943,14.989790422157995
218,190456,65.3783583667742
219,193698,16.77451830293752
220,203551,78.08791472121726
221,169595,69.1564980625511
222,177457,63.968897920733596
223,186561,76.74870853535413
224,192387,65.88018136351057
225,193469,61.16138446911042
226,201862,66.15622717996862
227,208618,79.69556557102736
228,216451,81.08892414447601
229,104389,18.301722776566695
230,108080,71.14955103363556
231,135507,75.27880889319007
232,143745,78.78578369157373
233,144622,80.43451342655483
234,150418,61.03113020439989
235,150724,21.164536548651732
236,157481,56.811074337434505
237,158121,16.768176191647424
238,162347,80.87186827388578
239,163489,17.99531799295883
240,163631,78.9158232219389
241,163705,17.304021073949794
242,163824,50.85664750440668
243,167431,79.71862578178151
244,168354,20.96075383796022
245,169416,76.11476859877264
246,171833,70.9723337614777
247,171919,65.0050882446244
248,172723,20.301932728627303
249,174543,32.04130408205438
250,177600,80.88297337155906
251,178224,66.22199390977819
252,178509,68.92341015008427
253,179847,52.57402423376041
254,183497,18.826061230512938
255,183574,79.55251140950381
256,184200,78.8243710661026
257,184484,83.58143921378718
258,186627,75.82197875963506
259,187072,76.16374794960149
260,189513,84.18800934563299
261,189560,72.77033830790168
262,190483,79.86577842176591
263,193082,77.62477166847668
264,199845,63.24045559180098
265,202857,71.73470971168935
266,207471,79.77467353139367
267,207664,68.28755704881121
268,217699,65.76221932362527
269,230666,74.14932346776348
270,213661,53.640984467461536
271,203747,66.55993055297758
272,220793,47.5753043113723
273,188988,80.47939759294609
274,207599,59.115082028429946
275,210896,77.65163236674508
276,210935,78.35181739136438
277,212622,77.07181249348864
278,216201,67.72474976117115
279,222028,69.39838676460357
280,227928,64.26698401229949
281,199189,77.60315705973696
282,199564,73.52692047769041
283,201400,77.17165293560937
284,201995,78.0597843087788
285,209889,81.46948961129397
286,210008,74.11350383040488
287,211368,76.64051550005676
288,192318,81.55899418665666
289,197853,65.40129530122897
290,216352,79.92103406168265
291,188005,66.84966063628553
292,189461,79.52896290990059
293,192789,69.17367948095334
294,193352,79.74786884167757
295,198717,70.05306253871072
296,198951,70.356748260178
297,202371,72.12812662140924
298,205498,79.47694023692934
299,184111,65.97719879086834
300,190941,15.570092005493844
301,192638,77.36417885794914
302,195086,48.61212368436441
303,195365,77.77775621155884
304,198141,66.1301100868524
305,199987,19.600418104381745
306,200724,57.13454812064257
307,216354,73.37922144749388
308,179645,61.252594578854264
309,181820,78.46941524443541
310,183285,52.30625098580393
311,188388,81.20622372488984
312,189251,80.68615853121959
313,189881,50.50358901586195
314,199451,78.46838895131033
315,202685,65.44543107532341
316,216194,69.63907861506156
317,49369,71.36063251536471
318,49370,71.96637378774942
319,53612,49.44672427112326
320,54050,79.5423671829304
321,110677,19.768806992624967
322,139968,27.924115195501397
323,146954,78.95104597898249
324,158625,63.22145886580493
325,161648,79.50322820429723
326,163264,21.191454612526307
327,171579,76.37486307200649
328,172175,79.26870074043555
329,173198,48.70149246191921
330,173426,19.779460440503655
331,178086,18.503285523321992
332,180216,62.27138214414183
333,183280,56.116308337358554
334,183483,70.02732982879688
335,183498,71.75342753317521
336,183900,76.4419681754538
337,185431,64.55156800101894
338,187961,74.72679004190917
339,189574,73.35751908173927
340,190149,71.15488996564633
341,190584,77.41770810198561
342,194794,79.87560549231428
343,208830,62.564923157529215
344,216393,79.62355519031377
345,231677,75.67679921232289
346,211320,52.21260081133415
347,212194,73.43595204973121
348,205192,80.55151431992391
349,206585,21.53098082316535
350,210406,78.7086947419605
351,222737,78.5548084503962
352,215792,47.00868569362926
353,223848,76.4873919156316
354,198784,72.9109082588741
355,201510,71.41455960140364
356,204082,51.949467211138426
357,204529,60.860624520047025
358,208333,73.92155430199347
359,210617,78.28028876620516
360,213296,75.1071466037176
361,203486,80.40662736973012
362,203775,20.185260166173972
363,205362,50.02752434543929
364,211748,81.41687821893062
365,212831,19.557352767427577
366,170368,80.1132939516216
367,188253,71.83227074001428
368,190813,74.47442573459608
369,193061,78.56850839949357
370,194229,66.6891830451679
371,198950,79.67578273097027
372,199110,72.86135308205243
373,200610,76.8742039363997
374,205976,69.81304205034067
375,207993,52.100199542224686
376,192641,66.45536846364615
377,198118,62.181204109157406
378,199914,69.79851318086887
379,177458,51.125291017262725
380,184392,64.34578608891073
381,186146,69.39646778809093
382,187688,81.2440829938788
383,189156,59.843314220896794
384,190717,70.58621583983987
385,190815,75.57382053709532
386,193130,73.88115328155327
387,193361,75.73780093648617
388,193886,78.35978067444776
389,194879,64.13648421296838
390,208334,72.10542355006683
391,21146,72.49951718648207
392,50542,66.68812297812896
393,52091,68.66275269745974
394,53914,52.48115296122798
395,135451,16.74878733174787
396,138412,78.52913215104938
397,139668,18.197786758814875
398,140293,19.949602608417788
399,146460,68.2793739947017
400,158232,74.75575265141634
401,162369,65.09637413491873
402,164859,74.95587456230751
403,165526,50.04081948605444
404,165536,50.516710799489346
405,167514,72.9654154072409
406,169705,73.10320998124695
407,171897,77.67299413146692
408,172316,64.99389578344065
409,172522,80.15877946396299
410,173221,76.56587125654497
411,173373,23.4396575255348
412,173432,54.220544462555914
413,173909,77.77467866073842
414,175379,84.08040950669002
415,176915,73.51716135708934
416,177604,69.00560635103707
417,177644,21.067109929266678
418,178311,76.9827302868951
419,183909,79.35079023068404
420,184190,49.3334279946912
421,185132,61.40336136548933
422,185221,61.29941447832596
423,188802,69.21467057496648
424,190264,79.52254581556363
425,192492,79.14315718260538
426,193116,65.91251623132833
427,194404,20.344400616195443
428,199434,80.48329603129712
429,199827,76.81982133721823
430,200647,81.18138925092666
431,203280,74.33686911026571
432,206113,71.70868692857519
433,210413,51.63288480201575
434,212602,53.59843012336961
435,212886,78.5357208539567
436,214997,75.61729114252425
437,218339,71.3018411564309
438,193105,19.872222264257612
439,205175,70.98161426127167
440,206467,74.81231798070351
441,207441,76.40371008920192
442,210514,76.87405760242733
443,211354,73.88173767885307
444,212150,76.65995866337849
445,213345,76.65591598197248
446,221660,64.70950046829847
447,230142,72.59331885152123
448,200454,66.95501003726729
449,203574,59.177043546905786
450,221130,23.522289323567986
451,200458,70.8955493744091
452,201042,74.98190001968614
453,202556,79.84685009572507
454,202849,53.403266085702256
455,205407,78.6557765459307
456,205988,69.26534105875302
457,206511,74.32032017813248
458,211381,76.31880670249748
459,211688,71.89523260566808
460,220440,52.15188516270152
461,195363,61.34070861447746
462,197948,55.84017028452633
463,198683,76.80624461036906
464,201377,50.42570745639898
465,203890,69.22820880894548
466,204523,78.89265241183456
467,205069,72.34879809989656
468,208093,68.02106668293534
469,208128,84.22435501823024
470,210864,58.370751748444086
471,215466,45.08724798007402
472,190286,79.19779138860187
473,190544,81.15388693871435
474,201046,78.55108828724525
475,201118,70.65657519543089
476,201454,72.38575727719552
477,201533,76.74897532837696
478,201858,75.05215467205709
479,204024,65.57936652251816
480,204638,47.82659555656943
481,216150,69.80924295933852
482,172962,74.17174924271087
483,192565,76.90998737555672
484,199576,61.37513624318404
485,201049,45.13606090911459
486,201305,59.49039949572673
487,176285,47.12923554084939
488,176993,76.01039214826544
489,186132,75.46428857789121
490,189271,64.10116520585414
491,191210,76.76496598353845
492,194957,53.965882850120025
493,198077,72.41720494332574
494,201262,77.21983191632646
495,121933,18.47150748166704
496,137351,73.5260200012207
497,137677,21.898855910896515
498,139062,22.950327361840504
499,142784,69.00147225949809
500,146482,79.63607455198063
501,159171,79.95745416999355
502,159240,79.04780016938165
503,160741,57.75413964073515
504,165109,59.5262897243536
505,165501,71.72438187021633
506,166072,48.5689534931693
507,167943,76.89405005422769
508,168435,16.690464254732614
509,170797,81.49020125047002
510,171791,48.542262839262946
511,172290,72.89936832576718
512,173306,70.99763836637862
513,173474,81.28736403262891
514,176266,65.76605643631328
515,176550,19.65051877430145
516,176571,72.13985893855683
517,176944,66.34916205372045
518,177159,71.75606555518598
519,177578,42.09520424731472
520,178424,77.37452426460123
521,180334,55.866762124287966
522,183108,75.15491213155558
523,183855,55.13140842845879
524,183899,73.93047439703075
525,184069,58.1430470437472
526,185103,78.68964400280449
527,186307,78.40354526761152
528,187324,51.65640592224986
529,189433,50.91774678728508
530,190223,65.46756264836377
531,190243,17.370518279847726
532,192679,72.15465756903524
533,193171,68.3517406107032
534,193887,70.635227956861
535,194911,19.496239356983917
536,199561,77.75315792227491
537,200641,79.6969292571968
538,227796,71.78115968297138
539,222509,75.67459865794918
540,227234,61.037032439721884
541,204884,66.4513506379213
542,205569,81.39514092158235
543,219932,72.48374462338373
544,228941,63.73968333158029
545,204077,72.28186888968217
546,206591,72.2563795589941
547,212153,67.82759783052153
548,212977,57.68732968526392
549,213135,62.04881835721733
550,216778,48.41148781707507
551,225199,71.9825895498494
552,202648,72.88277694342973
553,207948,77.29995226108326
554,208135,64.33941575042095
555,222558,69.48282000016529
556,223033,48.57791778512826
557,223874,76.0818615971749
558,227950,60.66462954608753
559,189575,75.2051034905636
560,193601,48.05428650764122
561,200726,18.62627633156465
562,201143,65.7992386286661
563,216189,65.36072306777028
564,221087,23.150541262113503
565,225028,60.878835226808846
566,199602,71.81433533831748
567,203106,76.22338585021
568,203605,65.69984215374132
569,204923,71.82910092279346
570,205923,67.15829821333186
571,206198,52.59944469052372
572,207862,63.116905735306716
573,210679,48.500743151570376
574,213400,70.89522188503646
575,216065,18.96473580552841
576,186345,75.66080961207044
577,190531,50.48290925289437
578,192984,21.041638655918558
579,193283,73.2621238946665
580,198329,72.59690066916284
581,199304,73.92474208428533
582,201508,78.28440462779858
583,202325,70.32237824660449
584,215333,60.0398017055344
585,219985,70.45474318358175
586,188879,56.83137598904515
587,192476,62.372610547871496
588,192557,79.20592739862903
589,196889,77.4230179762231
590,200215,65.41604675807272
591,201878,78.17448902578676
592,204240,17.757205162740735
593,204819,64.77704141122085
594,207494,72.27477985674452
595,207939,67.21318665666256
596,219411,67.41724920934648
597,169706,71.73808321835536
598,188829,55.7951767429965
599,189296,16.302089894158872
600,189682,53.15370651236248
601,194845,78.29362596519898
602,194932,75.7952251011991
603,198614,50.857712343421774
604,206225,73.5157297578792
605,13732,48.60695349843001
606,45186,81.74460693651875
607,112253,65.60964589974965
608,123576,65.60448624618593
609,135697,74.95655122284549
610,137785,47.06280060894725
611,140620,56.303749855214015
612,144429,75.92320064444698
613,146536,71.503004870711
614,152996,73.07868983895537
615,152999,73.58980343132487
616,153260,60.47083075982257
617,153296,79.37980953067864
618,157304,63.653139391929145
619,157665,45.408086804622265
620,159261,75.86278807490277
621,159287,79.72803934703182
622,161754,62.529712810357225
623,162131,58.676377420460476
624,168312,68.24359774648214
625,168607,70.67730853580086
626,170815,77.06244665181529
627,176619,63.81555990987682
628,177983,46.38002768170468
629,178007,80.15586742550961
630,178085,79.19697500823455
631,178160,76.16133247177603
632,182744,71.3780727359045
633,182836,58.902892328654886
634,183125,61.42728015403581
635,183249,74.7800639404029
636,183332,72.98214227367055
637,183568,37.93370387852793
638,186805,74.74359111814007
639,186832,76.28792215704182
640,188427,74.5378084247737
641,189157,69.54827417006115
642,189354,80.33041325984475
643,189506,73.15124943042412
644,189606,61.416704107448915
645,189681,70.2090818299878
646,190507,48.82848917333076
647,192722,76.73640346255392
648,192841,76.20621031749567
649,193584,62.32537241703682
650,195671,57.81341600542545
651,197083,73.05886880389849
652,198113,71.74402042128177
653,199042,77.68521320402736
654,201144,71.00292584654838
655,201505,60.394525155079826
656,205114,77.63433998448205
657,210282,71.05640918499299
658,210333,69.31051449275499
659,216475,75.39074381711659
660,231691,18.463459187971512
661,220814,49.349797958037044
662,230613,67.32789135332756
663,234236,71.193441653544
664,208450,80.03752559819193
665,224293,76.08199707097327
666,224458,72.28832663206155
667,225850,53.460988573516914
668,226161,65.60197619244136
669,226456,71.24313419896235
670,226790,65.13993863965484
671,198719,73.03891425524317
672,204935,26.921887008340384
673,216437,43.24692621080918
674,217731,74.09774990118777
675,225161,52.57312644686541
676,225309,77.4855676268687
677,228251,69.4601682149117
678,199577,60.86343264373156
679,208330,75.90785621375649
680,209620,62.746611697763974
681,212692,76.80777852390412
682,219391,65.77046351349497
683,226221,53.18492549863327
684,229148,68.40481115317738
685,197891,67.56871369398975
686,198198,49.71393747350528
687,201519,74.94737253255678
688,203263,54.804155118092964
689,207537,64.5842930618364
690,209989,66.74173618586835
691,210455,62.91703167585957
692,212811,75.89636010872131
693,216266,53.98653422977113
694,216774,53.77279129547613
695,219732,71.00619224108797
696,189165,74.67423947824268
697,197681,69.61403963903733
698,198706,77.01371340180243
699,199823,78.63963944957231
700,200054,70.0691440477171
701,201922,64.1645065251281
702,202135,71.57176769899026
703,203485,61.78853529699565
704,205693,58.619021477837514
705,210287,63.53656251868824
706,216158,70.1618256993371
707,216409,72.09874411548385
708,216497,71.23768457018741
709,216655,49.889361832557015
710,220925,71.16583287422546
711,225402,66.25783369319733
712,185422,63.535766293106505
713,193011,47.01111783004191
714,199667,59.38378173781501
715,201342,54.25410277110802
716,201455,71.56874199220393
717,205995,75.45362265847047
718,206304,70.40026960123541
719,209960,18.404520768751073
720,211454,69.88234853258834
721,216466,72.92902505081595
722,183256,76.48090185883032
723,187598,58.99001493604116
724,189060,57.95574431668959
725,192073,73.79721802190511
726,193158,74.21074504272842
727,194138,59.58720126139005
728,194644,69.6967282361916
729,198200,61.1056551826418
730,198352,49.028411168985194
731,198688,60.50321942484317
732,199005,23.7810582127883
733,200228,48.8517783227639
734,200318,68.30514478190985
735,201073,74.60231989868345
736,201215,77.97617721374516
737,202087,77.84189053300318
738,204713,73.56258445084762
739,210214,70.71183113667215
740,210324,73.68251243944681
741,212096,78.58713362874988
742,182888,68.5583415716558
743,186801,58.99056192373592
744,190674,68.95398612032521
745,198076,50.44068643627884
746,202201,57.038173774849476
747,202851,72.56572178757331
748,202935,52.874942519708114
749,207920,58.17311175846917
750,214332,65.3941573559532
751,226601,40.07390444263599
752,170597,18.17238860385975
753,172203,19.63448401848235
754,183427,71.83623715291569
755,183512,67.59786738635722
756,184469,72.19980875060452
757,189410,68.99162115038047
758,191565,69.18734702218298
759,196801,54.66401934636717
760,200315,73.11918214491394
761,203299,70.82969007492682
762,204614,68.7559751170051
763,205705,52.91245103452886
764,2196,15.136792681154349
765,45595,44.59308183367504
766,105846,19.113257747250916
767,115533,18.974233280670592
768,121170,72.82385661371235
769,136113,40.98927551683975
770,139038,42.26825561150207
771,146701,67.33571242048458
772,148839,64.76152129233674
773,149185,66.1992656071845
774,149791,74.76586589605068
775,150590,72.30874805159574
776,151508,74.10015539584187
777,152747,68.09935616666752
778,153177,77.82332735730881
779,158626,70.35145414433035
780,161805,70.48958930021276
781,163806,20.490801480911593
782,164029,66.44058169451944
783,164985,70.32208779441721
784,169115,51.98047935397653
785,172610,47.037163856728554
786,172684,18.598928252094716
787,172835,42.45253672311339
788,175254,67.49328236548278
789,177569,77.94590285275068
790,178091,58.30938658326819
791,181098,70.11839106074002
792,181816,62.59922869004167
793,182495,60.147173978141154
794,182882,66.1590284302802
795,182945,73.53830847814262
796,183130,76.35257256851982
797,183394,75.4089867270371
798,183556,47.62678096217604
799,183966,65.5333768903567
800,184271,67.53319978284264
801,185181,20.17449160008375
802,188155,67.95033441080615
803,188876,76.20485702833955
804,189234,74.4899490037637
805,189390,69.99641528537744
806,191053,67.1830413341334
807,192333,52.77102679443603
808,194365,65.18549041062415
809,198715,64.65441780670376
810,200752,51.638089529651154
811,201325,18.538836247741628
812,205408,61.529060568842894
813,205850,51.552980610744505
814,205943,53.467730577037145
815,207707,66.98176255646739
816,210950,73.55008298789042
817,212772,46.06910977587777
818,222357,69.13475601199616
819,231633,46.25612351662743
820,216816,67.6728673046414
821,228579,69.10630686760364
822,229593,78.25023981856775
823,229906,75.47885824237287
824,230938,66.9399689860832
825,236311,72.29477245155687
826,210583,77.21664369630547
827,220477,40.596707558536956
828,226592,71.0257495694839
829,234153,76.73896933814751
830,204233,71.51792033677572
831,213134,76.19975007152945
832,215930,53.481720212288806
833,219571,70.93935502096278
834,231361,46.81900344623128
835,236295,63.046039246160895
836,205632,73.83443946075964
837,207791,62.30654175597439
838,212623,69.44238073639112
839,221743,74.05546520726803
840,225945,65.43679588441994
841,229453,69.81391803204087
842,200765,65.83840080753966
843,202884,67.42271948891045
844,206436,74.93409202698436
845,208535,67.54171626038499
846,210897,51.91960978048413
847,210972,67.32417133900941
848,221639,67.06486063079282
849,222715,61.806518587312986
850,197231,64.02268374691175
851,199652,74.16831125863104
852,201818,64.56196692122363
853,202476,76.62485565119525
854,202562,69.79521982889752
855,205391,64.51453908650521
856,205869,71.27288720307088
857,206058,66.58193331339555
858,208620,72.62034074922872
859,212212,62.95335983628482
860,215699,61.8002449702203
861,220414,66.87539530395335
862,228717,66.65026601625155
863,193470,66.54273682492773
864,195859,62.04746310165687
865,198861,68.02514496520243
866,202828,76.29448850075873
867,208615,47.504171974169616
868,210736,70.04719663579127
869,212125,73.25859398459771
870,219712,62.00593608516072
871,189908,19.236864207300016
872,192725,58.6096734429411
873,193338,62.83802712291946
874,193983,64.55689681529017
875,199574,16.02869558833095
876,201884,77.47814714841267
877,203910,75.11552267994945
878,205566,64.51316924153288
879,207732,58.66899288002954
880,210372,77.34940475166498
881,212350,60.05452866675532
882,219693,59.159787397078595
883,220334,74.66355487210579
884,221838,76.74499111144209
885,224069,65.57148341734538
886,189484,66.86277497772132
887,190765,76.69409419140393
888,194222,45.66480090767224
889,202410,22.253563386567834
890,207894,56.02948840335171
891,208295,63.60187185845463
892,173546,47.07131435311905
893,179746,63.13266596851281
894,181560,49.84757196252794
895,183129,53.96132995640089
896,185122,17.603996684169605
897,186200,68.82041957155226
898,186961,60.09847411152666
899,188770,70.99844553123
900,189615,73.34833722712611
901,190520,59.19966598330873
902,190868,65.3202470265756
903,197813,73.28914619391321
904,197937,52.858458527950305
905,198264,75.34730779416573
906,199487,59.55706533704531
907,200469,73.280779784209
908,201860,43.04322533855256
909,202316,64.65547331436804
910,211302,65.51715377191363
911,211899,59.102719245277044
912,19292,49.06153295870942
913,52498,70.73827928336497
914,110974,19.776788114466463
915,135742,53.54161439829016
916,135883,63.92044523594475
917,137262,60.3995207332925
918,137361,56.95190314808269
919,137410,46.9523175358719
920,137854,19.150394398968892
921,139313,76.27430778104039
922,146296,21.202330571317756
923,152879,72.98459986751976
924,158438,64.03461911051721
925,160310,63.659678041931
926,161793,64.34187148487142
927,163407,57.00320838647422
928,164994,73.13308884060775
929,165174,70.31442745258046
930,169216,58.07706812517456
931,170231,47.64104648274639
932,170320,67.33872701724341
933,172283,65.87194795938053
934,172862,62.48080650961103
935,173146,77.12045533980104
936,173204,65.43041920396684
937,177019,55.14562701452826
938,177481,60.96404708201135
939,177528,59.84062993435515
940,178213,65.02795714846938
941,178250,69.48536972770954
942,179954,17.116799735030046
943,182152,75.91909445299565
944,182168,51.2285935317826
945,182179,41.978362519631524
946,183187,74.8083648181412
947,183346,71.5988792144493
948,183580,56.83509623697725
949,183892,60.24651707936632
950,183937,61.05279939969835
951,184873,54.92166513119972
952,185163,48.3873166048786
953,186197,76.05869868389074
954,186569,19.0684683616195
955,188654,49.34489722684819
956,189043,73.68310160858559
957,189725,70.42156492762491
958,189945,70.57438652252836
959,190502,73.59429640962144
960,190854,64.2220515396247
961,192122,62.337191134705
962,193152,17.29395340898227
963,193476,76.9492103658454
964,195361,64.9358907149016
965,195586,64.7170199993297
966,199383,46.26247012625788
967,199393,52.78492745345435
968,199416,79.96293015780317
969,199633,65.54394095229736
970,202061,72.29292549167708
971,202493,68.70914692321887
972,206651,74.18040894744021
973,235454,62.0124970577678
974,235805,67.61157384428424
975,216320,67.29668511149933
976,220493,60.082937876355686
977,225719,66.70845022357881
978,208920,65.97793647124178
979,211408,65.09008724917769
980,232656,66.2289683901694
981,205897,64.02383234989423
982,205989,62.923953921770845
983,206516,68.001816965057
984,212269,68.69091248430057
985,211101,17.953875586942168
986,213991,70.91143991808758
987,214947,60.09141327623845
988,216643,69.62929643822721
989,220048,21.637969407335348
990,221695,73.71605513094599
991,223329,63.30526185274492
992,223959,72.35927481864928
993,229857,77.19630590681652
994,203965,71.83324816478867
995,206003,19.37615134221165
996,212883,58.205883825880434
997,214622,55.7655384747479
998,216267,63.6220301456559
999,216388,69.05503089387155
1000,220253,65.67271273771851
1001,220355,55.670334080252786
1002,220609,74.86869050148601
1003,225341,54.53416303881231
1004,230072,66.66211376984397
1005,208141,75.92689684757592
1006,211382,56.326827266062715
1007,212245,70.01908534763099
1008,212491,69.19781245807009
1009,213648,73.63540975121211
1010,225523,69.90108378206847
1011,232883,71.29102189346668
1012,199915,48.50466145867633
1013,200478,72.81507873961975
1014,202024,71.27876103067396
1015,207431,48.15545158664981
1016,215644,71.6144259182283
1017,215716,55.996219675140004
1018,219792,67.04192557666855
1019,220245,72.48445449986112
1020,224196,57.280945987140015
1021,224218,66.47817929716454
1022,194728,71.77020210130078
1023,196978,64.01263207592339
1024,199254,68.2260591302233
1025,202151,75.25446709087588
1026,203884,53.46126549079354
1027,204612,72.59087373717752
1028,210665,70.41006825517842
1029,220604,22.305477953777594
1030,223765,61.61068192887531
1031,187924,78.74805003209545
1032,189860,67.49625405536452
1033,190059,72.47646967145968
1034,192123,61.22845074871016
1035,199157,62.2085665124256
1036,199776,59.64341815860844
1037,202750,49.116302932145196
1038,202789,17.78850566035782
1039,203030,48.57519413915619
1040,204776,50.24507208858939
1041,205601,69.87507122914275
1042,205670,65.58510930171774
1043,206306,70.0715687860672
1044,206553,46.185823344173286
1045,208461,62.693071372543535
1046,218191,42.90655299233637
1047,226215,70.55298341637739
1048,189324,20.26053696916801
1049,190324,49.12535682534586
1050,198760,72.60179442398744
1051,201025,59.42192737958454
1052,219758,69.90185548332953
1053,173608,69.25981919268489
1054,186130,55.554198515484394
1055,186190,65.6039563305908
1056,186392,56.77329991460426
1057,188182,56.67458944185748
1058,189099,61.697901134082386
1059,190156,63.279248713924886
1060,192658,67.17730263901245
1061,192678,58.04517773745201
1062,193098,73.20505672299781
1063,193554,62.68658174487542
1064,197786,61.57129585158566
1065,198949,65.65337485107472
1066,202054,50.18795328283814
1067,204757,71.90098427730184
1068,208616,21.922349478216063
1069,210787,51.86369336336406
1070,211061,76.62863525233806
1071,212127,73.45872431670817
1072,217648,69.14401557861684
1073,768,47.76170314826137
1074,1178,44.72085062354339
1075,2147,20.60354373949624
1076,14907,19.8878996172279
1077,46736,50.915738513459225
1078,51123,73.00080210998622
1079,107298,18.32898610769747
1080,133249,74.46188196042017
1081,138436,65.59201091735173
1082,138918,66.07030269347294
1083,140082,16.57027742896516
1084,142959,18.104416620737304
1085,146952,19.97409989503095
1086,149184,68.58630972423994
1087,152211,17.25169026446723
1088,152908,76.96938259206269
1089,155946,77.58442831706526
1090,159028,57.45484679113184
1091,163083,55.79910214764445
1092,163418,50.81203671261982
1093,163699,74.25176437265347
1094,163873,19.48595725777606
1095,165321,66.3416629804138
1096,168930,74.11065977069535
1097,169386,64.1421255150733
1098,169600,54.66521520220025
1099,169638,70.81493770341291
1100,171830,36.0477907225427
1101,171972,66.99559471560458
1102,172013,63.86356921234394
1103,172287,61.19232393351887
1104,172768,70.63917036720605
1105,173228,74.62697678539858
1106,174859,74.87049073194301
1107,175962,48.280130860821195
1108,176553,70.0943365787618
1109,176794,73.35234994267161
1110,178393,75.57482302671126
1111,183288,54.91619700367434
1112,183389,71.79117884533792
1113,183526,70.60810443147336
1114,183766,48.64705037527607
1115,184789,58.880042667226995
1116,185174,74.43835310599694
1117,186330,65.90874111509109
1118,186395,71.52402613763627
1119,186405,65.07036896475468
1120,186524,61.94457775842937
1121,188337,68.70126453838311
1122,189067,53.24877505336137
1123,189196,66.14490055447823
1124,189207,76.17768663491901
1125,189701,68.14938417404888
1126,190670,41.67828335544899
1127,190716,61.12913181747274
1128,190931,66.7643240062116
1129,191648,49.43056481938096
1130,192587,71.79619459495296
1131,192838,66.75470744358435
1132,193062,66.16491078570421
1133,193311,66.24818760615179
1134,194665,50.10537084835193
1135,198202,39.53153206785627
1136,198946,66.78002697525002
1137,200538,58.91252410319355
1138,201139,66.25351547967983
1139,201379,69.92985454444974
1140,204555,77.18747200568109
1141,205083,77.88750978782691
1142,208339,57.41359044342089
1143,208379,49.66983878840157
1144,208520,62.270463391073775
1145,208607,58.8481078393193
1146,209669,56.48281125760303
1147,211907,72.63543419605176
1148,235042,73.10672888120507
1149,225116,19.942661456164164
1150,233631,62.02896175083496
1151,211239,68.63813786010246
1152,222077,70.98874899796795
1153,226226,75.13909385839845
1154,232270,59.89604421146792
1155,213655,65.06689140500407
1156,230936,74.90282674758788
1157,235945,68.95418462191185
1158,212151,16.15601879330537
1159,221491,55.88068439569098
1160,223197,69.13406663530502
1161,225193,72.69142963320681
1162,232119,49.82769238232054
1163,234035,52.692365591049295
1164,212196,73.82132366695149
1165,224030,70.7739323074063
1166,232008,63.40107425133388
1167,235889,68.39923010437026
1168,212616,74.87431099590276
1169,213313,68.00599483768974
1170,221269,58.55192579762638
1171,224411,72.6694246128975
1172,229712,63.68871234893571
1173,230578,40.719360924353765
1174,208451,69.57386169150071
1175,210719,52.36377484328578
1176,215590,72.1910754500904
1177,220685,67.38834627177475
1178,221740,61.19601022668356
1179,232363,50.03352030862465
1180,201931,15.946711097927396
1181,202501,65.3392981648199
1182,210463,67.99156706662907
1183,211321,55.38364616763806
1184,212476,75.2997711603224
1185,212888,46.21284039237818
1186,215399,52.83957084698277
1187,216433,72.04147307363657
1188,217605,61.48046273057993
1189,219681,65.5385372084866
1190,225126,67.99690195712151
1191,228336,69.44628399112955
1192,235875,64.55849184875864
1193,192622,45.6572953522534
1194,198504,67.2257893765718
1195,199170,69.15071444675972
1196,200353,45.27777057916268
1197,200536,63.8306965906046
1198,202052,64.87299034440073
1199,211267,73.04824655128941
1200,212267,64.43147871700265
1201,213874,70.9594492737277
1202,219777,49.429970547018655
1203,222883,71.88503036598587
1204,224808,37.40739007319913
1205,225410,61.520073211346045
1206,231041,63.842561033675395
1207,236583,15.32710112068785
1208,195038,69.88751398947201
1209,195668,19.154206989470314
1210,201363,68.73622929979267
1211,202445,39.67556561839456
1212,212187,68.40626345009835
1213,216523,43.999126693166716
1214,218970,56.6737678645339
1215,219145,42.17050426010991
1216,189303,62.766761525398024
1217,191011,18.531376026322096
1218,191388,71.68515764463893
1219,192397,19.00368328140578
1220,193881,74.06188307176969
1221,200857,75.59618954312566
1222,201041,59.71550581165093
1223,201223,65.53411480308742
1224,205243,40.230664343549755
1225,227290,18.284255312324593
1226,186680,18.695858237960202
1227,199286,63.710600268430056
1228,182435,18.786354472688593
1229,188554,78.91056826683058
1230,189485,69.68475040951324
1231,193077,56.27272636449561
1232,198067,63.59837037614232
1233,198150,63.20698182608597
1234,199074,52.00663150093627
1235,199409,61.053316972421364
1236,202646,66.4107267490884
1237,204874,75.45428559364508
1238,214639,45.53645289612771
1239,215334,57.07395140087198
1240,223608,66.30791482082667
1241,46590,40.28567800159159
1242,112365,73.72933188502256
1243,116308,63.76138050721984
1244,120306,18.450270193252695
1245,121937,17.94533898725705
1246,137506,75.42095484745712
1247,137774,38.917570594119425
1248,137960,76.21918524291806
1249,138806,64.43258564005433
1250,139860,60.122013769532835
1251,146111,64.9442985136622
1252,150278,18.22217577690584
1253,152514,75.26573986068354
1254,152922,73.70151763551067
1255,157716,42.44612918524589
1256,159577,44.0940626070663
1257,160292,74.78005926607305
1258,162297,16.922058410905287
1259,163303,69.66138605612491
1260,163665,52.39515579120334
1261,165788,63.16433669449889
1262,166074,71.717958548551
1263,167933,58.89306035219522
1264,168799,64.75672270255419
1265,169281,66.23609444389604
1266,169721,52.01717384377495
1267,170084,14.188412295998202
1268,170569,58.96543811278051
1269,173735,62.77372283582898
1270,178171,49.10220337918404
1271,178418,59.466103626836826
1272,179891,64.28701450032312
1273,181483,64.82308956484098
1274,182184,67.8627494589154
1275,183068,67.84972420320005
1276,183353,61.26086220117325
1277,183820,72.1390281187243
1278,186684,48.26224879243526
1279,186783,66.0705959409221
1280,186905,64.7044628467805
1281,187988,74.95406534929693
1282,188616,73.31052087786227
1283,189288,46.625292791281474
1284,189707,17.100221422035233
1285,189946,63.42466973829889
1286,190143,68.60810860431636
1287,190432,62.26339956534184
1288,190535,74.58535493723518
1289,190664,60.03749818330202
1290,192242,71.18912167212648
1291,193839,71.05866711784788
1292,198136,66.46940385554134
1293,198240,70.05527301583673
1294,198836,65.99306632075749
1295,199986,67.89283139495262
1296,201103,75.51753701120629
1297,201982,73.4074761771509
1298,203843,66.39772255990665
1299,209781,74.41973463135307
1300,215886,72.24537674253574
1301,235790,67.23082419618707
1302,231235,61.25998928613369
1303,230005,66.59992463485284
1304,231943,58.897005724209656
1305,235353,65.70865271840954
1306,224921,60.261943806120094
1307,231485,56.0521405791722
1308,220633,68.73225632705476
1309,221701,75.81823668505588
1310,222634,65.37899169238528
1311,228881,66.75674136023002
1312,233219,53.5988017096689
1313,206517,72.10716054930886
1314,212678,73.17351278308277
1315,215330,72.16260520879938
1316,215689,55.73257428193983
1317,215703,60.97307325489708
1318,221354,48.7796228821588
1319,234128,69.86338956514409
1320,201976,19.63884739933184
1321,213814,74.1794523963741
1322,215616,69.76690525900263
1323,215798,64.72521653415536
1324,219469,53.42162214668745
1325,222148,71.60039898726644
1326,223952,20.12188400560085
1327,225201,63.354767614559215
1328,227873,61.37898671029267
1329,232805,55.1822975606698
1330,236639,73.40297572116016
1331,237239,77.92837658870535
1332,239207,63.017991679968276
1333,202848,72.5838285883682
1334,203487,42.513919063555456
1335,204760,66.96781549795644
1336,207650,65.21190937373629
1337,207807,70.25010283682973
1338,210520,58.31052202514688
1339,211385,70.79513169837344
1340,212722,60.2411953513839
1341,215651,46.538300090595314
1342,221331,67.87170822974929
1343,221452,63.15911943838583
1344,228821,70.25265189630817
1345,235374,65.55256053587033
1346,195698,66.78987160263881
1347,199439,75.44067404954343
1348,205193,49.95046170979235
1349,205351,74.73991419019308
1350,209519,62.05949104042012
1351,213629,58.5696963391178
1352,215568,69.72088469203483
1353,216247,63.59311061189077
1354,220337,48.738732527102144
1355,223198,71.9638810394968
1356,237404,57.07626601236348
1357,201943,57.37372861461368
1358,202695,61.51184502979297
1359,207555,46.14388116958836
1360,208892,60.584078358013215
1361,209840,48.01344962475941
1362,211879,67.37721788805008
1363,212273,64.4514390965062
1364,218623,61.91768480406219
1365,236221,65.7825597242604
1366,197480,60.246989065100294
1367,197777,71.24774053715929
1368,197926,69.24643848236825
1369,200677,54.08541990914558
1370,206167,72.70384523811312
1371,208144,73.9283578780524
1372,208787,69.41928697653648
1373,209423,17.145868027915572
1374,210007,64.79597431743854
1375,220132,54.99401025586035
1376,224869,53.313203766441625
1377,225475,69.97423178086763
1378,230020,72.38599662225332
1379,186116,70.77674597822168
1380,186695,41.78627185721724
1381,190885,67.63116306941451
1382,191066,70.2000706853983
1383,193337,66.6468286182716
1384,198079,69.44899558118443
1385,198474,53.574658299067906
1386,199490,58.36984627627251
1387,199763,62.61069489452759
1388,201403,65.92147055160738
1389,202276,65.25241539658329
1390,204876,62.27822411400432
1391,205363,43.98898624081106
1392,206141,53.9595054739858
1393,211241,63.54947128675457
1394,219789,64.23752042865173
1395,193571,71.61408091067219
1396,193942,65.95140926475753
1397,198579,52.93970010187102
1398,203128,67.35182265619909
1399,207924,70.2871486839693
1400,217196,56.12987470960973
1401,183520,75.39640491921172
1402,184037,57.158117893144684
1403,189280,73.98249118553717
1404,189857,65.87611245875074
1405,191076,74.03003987567025
1406,193475,70.33837878571786
1407,193849,71.21767598111609
1408,198394,70.96682570509671
1409,204687,59.48555637690375
1410,209839,66.49889256652375
1411,213559,62.07207266269854
1412,102056,73.028977459083
1413,112244,75.11031861374228
1414,145047,65.93544111783818
1415,145889,57.885020854080835
1416,146974,50.55984693203858
1417,149064,61.62839445221387
1418,152567,60.79521251180702
1419,154472,58.381803470710935
1420,155979,73.55778254909309
1421,164853,22.302712467581436
1422,166838,68.79043170286215
1423,168293,72.80955684053671
1424,169345,72.93046879773553
1425,169432,73.34579152040624
1426,172937,56.25907869661114
1427,173162,65.4046188243485
1428,173325,76.95128727429885
1429,175789,61.37691288942986
1430,176546,72.0325374412062
1431,176994,17.517736096455817
1432,177475,16.796582880640976
1433,177712,66.9021920624502
1434,178111,54.71183332341321
1435,178251,65.87131139122845
1436,178287,70.2965865506245
1437,180706,49.689695113374505
1438,181459,62.030916060465024
1439,183188,60.74517394442164
1440,183916,74.36922980325089
1441,183982,67.79263851430417
1442,184085,73.64829271445592
1443,184255,58.77552502423471
1444,184749,65.46695221615717
1445,186274,73.65401285254929
1446,188556,65.68216930670548
1447,188599,69.39550395674739
1448,188762,54.5921623359916
1449,188949,72.38665034663299
1450,189272,66.01666146875402
1451,189446,72.756907083405
1452,189690,23.640092834587513
1453,190671,68.60073265607397
1454,191541,66.1863100156662
1455,191566,69.49592000665497
1456,192302,54.14360152011262
1457,193169,71.05510246952
1458,193550,66.43917161879172
1459,194359,56.99710413148038
1460,197860,62.41840129826733
1461,198368,69.12866209349835
1462,199387,65.06041830681288
1463,202672,73.43257905232929
1464,210859,57.373077491770125
1465,213556,65.25692479878973
1466,216079,63.624148034347556
1467,216701,44.31417311443466
1468,220671,51.72981080919171
1469,222079,65.6535443199536
1470,229261,66.01134900781487
1471,228295,49.78514628517354
1472,234986,47.69833799230786
1473,222331,52.9113073324271
1474,222400,70.38819057180771
1475,228635,58.17983982988966
1476,231745,55.44836337714782
1477,235569,69.83367285011211
1478,216003,67.83590690307632
1479,222982,62.32706089518897
1480,226166,59.77202401908941
1481,205659,17.049918500292108
1482,208268,71.28416202011316
1483,212626,55.5031331611813
1484,215639,68.244987286723
1485,219793,20.8931516016336
1486,222041,64.47797135795162
1487,227813,75.66547298908206
1488,230672,44.72876543256257
1489,231242,70.675328227219
1490,236791,68.52508957770124
1491,239433,71.64690378681131
1492,204886,44.74650928316966
1493,213063,54.34401585521033
1494,219864,66.94640618901337
1495,221564,70.61012156689846
1496,233223,67.03780243875278
1497,214949,64.65203439649964
1498,215455,73.01874867797932
1499,215698,19.100863471797624
1500,220513,66.02369577428458
1501,220715,64.20169140536743
1502,221896,67.30784243302655
1503,222411,21.48808352514483
1504,223245,71.88415192036896
1505,224540,59.22130326320858
1506,225713,59.76233716013639
1507,226110,70.15813274840481
1508,229668,62.73252362839296
1509,206238,65.29080740717143
1510,222467,68.05686747437262
1511,222501,58.38967799428088
1512,222513,67.80167249366288
1513,223524,45.62822854814577
1514,224591,69.0465629823698
1515,230564,68.34300607096128
1516,209329,47.63963246495936
1517,209504,66.6677211673351
1518,210533,71.74531953737035
1519,211099,65.86679932609698
1520,213937,77.00381161663788
1521,219617,59.082286532377665
1522,219652,68.04911699145288
1523,220165,57.632061945141366
1524,221923,58.58411511389332
1525,226637,61.60498386578103
1526,228302,68.39261518245104
1527,229782,62.951859817341514
1528,234622,60.33221537565763
1529,146947,60.07126743190647
1530,199895,56.81703513860031
1531,201389,61.90119325815181
1532,203581,66.19221318709053
1533,204526,66.15248207437405
1534,215569,50.26172142294893
1535,220018,67.24683076718824
1536,191089,63.53930575145874
1537,193226,59.99457616918724
1538,201529,46.1890124619417
1539,201991,63.7383600828663
1540,204513,17.289812318606394
1541,215383,60.39259384039976
1542,216381,60.880338987413296
1543,217007,62.29272593847401
1544,223293,61.52901826533281
1545,224933,58.444163137288626
1546,225139,71.4040628485603
1547,186139,70.36679703373488
1548,193143,48.639839651327605
1549,193172,74.19898170314173
1550,198904,47.77610992551743
1551,198908,68.93051675518652
1552,201290,72.60631715298786
1553,203793,64.89791776436152
1554,205686,73.63738413517659
1555,209846,66.4155644499736
1556,223875,68.86490436402431
1557,229071,67.55968752866053
1558,186519,58.822203419506565
1559,189472,46.872587079012625
1560,190666,49.18459221521329
1561,190769,21.008588482045052
1562,193211,64.56517575401784
1563,193222,17.085851809152192
1564,199575,19.55433066146844
1565,205257,71.07310313167022
1566,205553,34.663361911481374
1567,209301,58.70288107754172
1568,183220,70.80473928798364
1569,193081,46.57841965677194
1570,193091,54.367424763574526
1571,193686,51.42934627521991
1572,193780,76.5557520766986
1573,193844,69.96669332767006
1574,194727,62.2022469074342
1575,195033,61.96026098854475
1576,199781,53.10247547532215
1577,202686,64.86814905854911
1578,208621,71.00829591322248
1579,212405,62.0781051753479
1580,223543,64.24717199520562
1581,234816,55.82399328105112
1582,47860,54.514418641106765
1583,52326,18.439037141193065
1584,106795,16.39399793910217
1585,137449,52.942916967543596
1586,149224,62.56700353943798
1587,150565,65.7853356775616
1588,152991,68.15392934699439
1589,155355,69.55563091271249
1590,155984,66.59759591523813
1591,157479,66.17017463847284
1592,159284,70.26380821938226
1593,162054,22.874960087766578
1594,163209,62.4393245772845
1595,163261,58.30402897278344
1596,163600,16.80414114718065
1597,164471,57.522439305259695
1598,165191,59.4191499392293
1599,169426,62.223789008464074
1600,172953,49.06597918327026
1601,173179,50.84246167553278
1602,175932,52.87021315366067
1603,177404,59.73042249305067
1604,177633,60.53998203410587
1605,177766,62.548266550191705
1606,177896,73.4759527730047
1607,179613,71.79738927160047
1608,183414,74.19921734742778
1609,186578,66.85294721239077
1610,186687,63.5085964983833
1611,188385,72.95776067402588
1612,189155,58.84753793176803
1613,189553,54.98505042432921
1614,190516,72.09154810733924
1615,190579,56.99595866467324
1616,191005,71.54335832076863
1617,191055,62.32210838838572
1618,194333,17.463323726849275
1619,199511,45.380263118822114
1620,199897,61.101668841598055
1621,200966,68.98788814632763
1622,201066,73.94413867854799
1623,201145,59.085507164302726
1624,201966,58.99657264615378
1625,204276,57.561942466565384
1626,210434,60.193425575594034
1627,211327,19.053256481196723
1628,223578,58.13019223592184
1629,215502,20.786717437055287
1630,229038,62.18140430466613
1631,231826,65.38522900155412
1632,232099,64.14476230231635
1633,212710,15.498605452007007
1634,224294,67.9268244918488
1635,226229,55.57735110343552
1636,231823,52.35966883311049
1637,225863,53.978039487772136
1638,232097,72.71208209258357
1639,234612,64.02111386258014
1640,235675,68.04772892243521
1641,236466,67.77031483345527
1642,208137,63.48311199302448
1643,225085,66.76130763749225
1644,232411,72.38437338677883
1645,232693,43.27779010799695
1646,235290,42.77217433851979
1647,211856,48.9720412025676
1648,213490,66.43233740086727
1649,226168,64.91590873827761
1650,230144,67.41605974159552
1651,231685,58.930656521802746
1652,235212,63.147457746469854
1653,205540,62.13268902745163
1654,206594,70.63967462879799
1655,211147,72.12158488748123
1656,220475,68.6363581071914
1657,231111,54.24200908231842
1658,231600,63.091233556622356
1659,202697,59.60997420066403
1660,205531,66.55367558214157
1661,206115,58.18852038295801
1662,207790,70.82474614533932
1663,222060,73.63282601187407
1664,225151,64.76347915512757
1665,229221,66.91791318820458
1666,211068,56.49938852253195
1667,211234,73.13171020147303
1668,212419,56.3563951974715
1669,215223,18.518879924384112
1670,219998,71.21273819529232
1671,220638,47.08417611550854
1672,221250,61.67481777732327
1673,227236,62.1935069115277
1674,230107,63.25021947564339
1675,235623,66.30669050764115
1676,200429,68.10766317141177
1677,203864,65.1807754854812
1678,224003,20.51603935397413
1679,224309,69.68079242622242
1680,224461,67.23989211652126
1681,229584,60.939319075863935
1682,196932,57.48299615052284
1683,200473,65.34129109644755
1684,200759,59.796028974848156
1685,202429,65.4739008192623
1686,203161,39.12735549561175
1687,203177,61.567062426396944
1688,207684,69.46065068330611
1689,207746,55.886621946333335
1690,220093,52.02402619613196
1691,222692,62.890043140117804
1692,223510,54.12445620672253
1693,190738,59.697436873621086
1694,199779,48.19193633199112
1695,202048,62.25843432857885
1696,204355,62.09311158354252
1697,205188,64.97347754638082
1698,206042,65.58838871740991
1699,212282,64.99363511340945
1700,213030,60.49930942599828
1701,215374,57.3138836130446
1702,224031,64.12025958972403
1703,188600,71.28295789636913
1704,190494,61.29245607251259
1705,192660,54.47721511644696
1706,199266,65.96962462326435
1707,201417,63.825977955553235
1708,203216,63.989624615693614
1709,207523,57.65866329908824
1710,195037,35.24664513498579
1711,199174,41.1113332651256
1712,202271,69.77253927269074
1713,183141,22.276873835946162
1714,186161,66.11451717695728
1715,190667,69.0792032495386
1716,195687,62.506300814560646
1717,209937,65.3322427530764
1718,212449,50.411957067941316
1719,49212,15.957952741667057
1720,52126,68.65593460764242
1721,120718,17.719035299918154
1722,134941,66.98916257108668
1723,137786,39.100368016086925
1724,138704,68.65805922886602
1725,139533,63.70720064665975
1726,142359,48.22649509879283
1727,152723,58.86799792212363
1728,156443,43.130698714706654
1729,157703,55.82589252995844
1730,158657,19.07193300410141
1731,159265,19.68974253837486
1732,162886,50.728882511599444
1733,163056,16.943085343572964
1734,166664,59.55223289735239
1735,167931,19.24634671461706
1736,173147,67.60729123194047
1737,178117,64.70249442055095
1738,179516,63.795285634297024
1739,180635,48.82086527365168
1740,180739,19.521856045271832
1741,182856,71.78903834738662
1742,183395,58.46054832725885
1743,186682,64.87534659189788
1744,188541,67.21244706106553
1745,189003,59.86934945497091
1746,192665,15.02712834375238
1747,193254,60.10412947692251
1748,193267,45.89999337199093
1749,194196,57.508489217990565
1750,198230,48.971260123187605
1751,198817,69.30420415956355
1752,199282,57.154324357578574
1753,200443,72.27476440196503
1754,204519,58.33848632053956
1755,204690,60.02599653531075
1756,210722,49.851479442554584
1757,216067,42.916609078663484
1758,228908,71.74483334042674
1759,235041,55.84459601125192
1760,235164,67.32353707701621
1761,224232,72.44210718332567
1762,229337,70.81268529187342
1763,231240,62.36187214640059
1764,225539,62.15096000385783
1765,232432,62.26777915013115
1766,225100,52.54759583441606
1767,229984,63.684970405837134
1768,234924,60.9490178771093
1769,235173,62.53708850543507
1770,224442,18.24467095965706
1771,224756,65.05418207433287
1772,225591,72.27107471041282
1773,236679,61.46416767100774
1774,238095,35.8346123170939
1775,219184,37.479795665269975
1776,220466,69.32724899168703
1777,225375,64.01692317307139
1778,225844,66.770750324043
1779,225970,64.22796538185271
1780,229991,73.80369614241124
1781,232730,64.97790994390986
1782,233738,68.16522467364823
1783,236480,66.66422046712201
1784,206085,69.81323063515259
1785,210548,66.25564212011761
1786,231866,66.13479254356386
1787,233231,58.93540456896319
1788,235943,57.93701867930367
1789,236699,73.30620386111315
1790,240043,15.9880428809108
1791,204966,18.81983000590929
1792,207998,22.086338033790728
1793,209289,61.03851404031052
1794,211515,18.732522811417763
1795,226271,69.94068335806584
1796,227667,69.90541236797041
1797,230794,68.44617689315966
1798,234033,69.91855584729896
1799,192319,70.4475662621802
1800,199580,47.128468025177675
1801,205934,55.996808086587315
1802,206075,20.240847086029675
1803,214097,71.91199644787686
1804,214907,67.10002454023505
1805,229764,65.5543434329043
1806,231280,64.08325710222864
1807,200346,66.43898992952107
1808,201999,53.65640164491976
1809,202811,24.397794636818865
1810,209957,16.06158643732068
1811,210385,20.83079316522924
1812,211927,69.72064875957335
1813,214944,68.25106980446532
1814,221271,58.32284576422387
1815,233512,51.476154206919546
1816,238305,60.25748756528871
1817,197233,17.249753631411085
1818,201955,64.79136892227196
1819,201990,64.1911063724605
1820,202002,44.95771556783485
1821,205186,27.364965124109247
1822,208622,67.88425816400142
1823,212381,68.74050714707083
1824,223697,66.62263832302312
1825,236382,69.14112526254293
1826,239322,40.08227581802218
1827,188602,55.08536642603848
1828,193331,20.22134297543323
1829,220052,43.19717929642398
1830,225934,44.93766821522956
1831,226515,59.011398358163355
1832,189177,70.09989379485786
1833,189558,60.07606358962506
1834,194146,45.566790928416125
1835,194783,62.04559380965334
1836,207711,61.777964136398225
1837,208700,70.33419822751289
1838,209317,66.40815126547088
1839,217940,52.887721381588804
1840,186117,71.03175866575094
1841,197688,68.07868049152682
1842,209304,61.25823502498168
1843,188289,59.27240614673278
1844,192205,61.474348526014396
1845,197641,15.831931679245974
1846,51620,53.75291889899157
1847,107084,16.32376162331892
1848,110787,61.91367070634595
1849,136875,19.061448355905867
1850,145020,73.81679634084568
1851,146637,17.912568979988215
1852,155532,16.398419113478024
1853,157392,72.5828664789864
1854,162174,63.257646817443856
1855,163050,61.900819993236
1856,163571,67.61407179652718
1857,173859,62.10492506271363
1858,177520,68.45739960684305
1859,179605,74.54373632846205
1860,181694,14.594849972831891
1861,182528,63.0598566789007
1862,183361,50.17588191752176
1863,183365,36.44303559463931
1864,183453,67.19480727794844
1865,184585,14.841153363732163
1866,184935,60.096931701885715
1867,185073,63.76175543415794
1868,186567,51.37746718018694
1869,187915,63.00256212565537
1870,188430,61.70098604336887
1871,189148,65.37332941185964
1872,190361,17.084757153932838
1873,190542,69.7380013775304
1874,190575,66.23633581807462
1875,193147,65.69091038963745
1876,195258,66.38044441656737
1877,198819,66.95300996412857
1878,199313,58.369645476828424
1879,200298,49.67614641587385
1880,203327,65.01402655808226
1881,204210,51.05296804254901
1882,206493,41.08769398091532
1883,210536,54.1806857766342
1884,212183,65.9803322017918
1885,229558,47.45183475647376
1886,231281,71.00698378530986
1887,228080,67.96006905054215
1888,233556,67.41131245992007
1889,213666,59.232974452054954
1890,227535,63.177603896561564
1891,234728,70.30984592994136
1892,215213,18.27668141025485
1893,215556,66.0967562074947
1894,218659,63.75329727370113
1895,220697,71.81443057191298
1896,224520,61.39964529890861
1897,225476,59.139619087087326
1898,229487,53.07776653245273
1899,215441,61.8857608487228
1900,215598,58.73577652775988
1901,216435,68.78721518881346
1902,220940,70.852823893691
1903,233785,48.75591216331215
1904,236331,47.98441764927989
1905,204254,63.148556926398044
1906,205990,62.06124621162831
1907,212613,60.6741937580722
1908,221618,49.90036307340168
1909,221702,63.29394908743152
1910,222636,53.96015849031745
1911,223138,49.91254774511387
1912,228614,59.73026696211368
1913,232000,55.47381568960851
1914,232665,65.77222228887251
1915,210320,64.93234911132741
1916,214096,55.95387153402929
1917,216255,72.34110972373973
1918,220905,58.45453451805554
1919,224836,20.790198972333314
1920,224970,71.73663441365929
1921,233265,69.51881128711752
1922,233411,59.08081086834134
1923,235874,69.6903630406968
1924,240900,37.04645458828901
1925,212261,63.87603806581174
1926,213642,57.597507762480156
1927,214661,63.11043795919671
1928,219852,52.276277227363906
1929,221753,57.95704596302156
1930,224221,49.53578851360917
1931,224882,66.7103725945986
1932,203464,49.22262217319779
1933,206098,57.736417221295014
1934,209061,64.00327430329342
1935,209430,56.56264639261606
1936,212321,58.770345908292256
1937,219824,49.459672840867896
1938,223537,63.72921789208424
1939,224436,50.74755901276306
1940,228516,65.58505689483896
1941,238609,51.7149440664747
1942,204992,58.596138229249824
1943,211999,53.23927425763737
1944,213388,61.65732047897566
1945,214991,63.740691000694596
1946,223207,44.85357036126882
1947,223873,42.42020101678842
1948,235553,32.102335611268636
1949,188601,57.810016469410364
1950,190745,17.50324408294062
1951,199721,15.821698721210531
1952,210917,69.20371751673125
1953,195356,15.548974382730767
1954,203315,56.935607867539034
1955,204444,68.0888943240761
1956,204472,61.30329081663148
1957,205585,60.88687461915253
1958,208335,51.119127238698404
1959,208493,59.457561380160016
1960,210723,66.40843922741466
1961,211820,57.17943043061619
1962,219582,39.91602881479557
1963,234514,61.181276509928864
1964,192449,69.46677440679738
1965,207745,59.72017895666343
1966,213325,57.56404047183685
1967,229041,47.55215561021878
1968,230857,53.68298354172248
1969,183774,33.954269008219676
1970,189776,60.65617200954723
1971,193133,60.45250101512771
1972,49026,50.695656166794585
1973,50294,62.73210936848976
1974,103496,74.14073983525958
1975,155524,44.905043951847446
1976,159578,50.98642969598451
1977,164469,62.84689920349512
1978,167452,64.95334258437254
1979,170941,58.174120240334425
1980,171146,19.00727097283791
1981,173130,70.74401891083335
1982,177129,61.942030479553225
1983,177508,17.419606997882358
1984,178215,64.35559146664708
1985,186127,59.03705526537129
1986,187047,57.27453672707454
1987,188383,65.4268436674437
1988,189342,18.249255121730307
1989,189464,70.19248997142942
1990,189922,34.26528816075917
1991,198687,59.25900875972035
1992,200067,49.207483849483474
1993,204015,65.70188006643136
1994,205720,57.66528644690223
1995,208723,61.54663584162422
1996,208856,59.82319790092958
1997,216665,44.28325819689453
1998,220709,17.285747330680522
1999,237221,56.9983295051733
2000,228174,43.120122262280844
2001,239441,60.257547369327185
2002,228814,62.89536192169397
2003,233731,53.61335834146346
2004,236624,69.25795489034662
2005,228790,54.89685792742768
2006,237600,64.74521731157674
2007,221168,56.9819522985739
2008,239335,75.05968258413803
2009,193794,54.62564326064998
2010,220570,39.128277247936545
2011,230065,60.95626419113449
2012,231919,64.59802579521131
2013,240716,50.99087757565907
2014,216325,23.44518949480627
2015,220502,62.24460888649667
2016,231874,53.786294621874845
2017,225711,49.1343978733472
2018,228017,58.88669520309152
2019,229171,58.810319792101645
2020,229692,21.738318883021854
2021,230043,61.81914770073574
2022,234032,47.28111263497421
2023,200746,65.8630845060319
2024,212493,68.10081405448143
2025,226789,68.77757656550719
2026,215433,39.76093354445375
2027,221797,66.63632440904658
2028,236939,38.729429789476214
2029,213938,51.00588488103005
2030,231205,56.62145079848686
2031,232430,60.46706514758104
2032,236556,47.560784637711855
2033,240458,67.07787768059234
2034,240646,63.61613675033515
2035,189571,59.49736414358353
2036,203841,19.240981488415656
2037,211394,58.96381234166002
2038,213614,70.49722040917258
2039,213839,52.63257568239306
2040,219988,49.641403419090416
2041,220172,53.14658185277362
2042,231022,55.648262347375244
2043,234642,15.213433166952182
2044,202489,62.480906037753925
2045,203736,47.799142231414464
2046,223597,54.439021651717994
2047,224911,67.46631458113902
2048,225712,66.91741374917868
2049,228618,54.27409794815686
2050,193889,17.066796305455178
2051,200332,20.52101309233202
2052,204427,59.79799469556629
2053,205089,73.43989242450003
2054,219587,60.8408856021308
2055,203606,68.94664603862267
2056,213577,62.10902843450319
2057,176772,16.873294238411138
2058,211189,33.596596186626826
2059,170008,19.043272115095377
2060,51910,70.42274567485214
2061,115888,14.541538031680037
2062,135587,14.811385279587274
2063,157300,56.92064597664558
2064,159047,54.10944350123067
2065,163201,14.695758514598584
2066,170448,17.469307127130183
2067,171578,56.71098442147534
2068,171900,62.63941585430438
2069,172198,19.144431791991206
2070,178452,14.47319733112682
2071,183921,61.23603467617964
2072,184274,53.240377963430355
2073,188232,61.5846855367425
2074,192647,62.725013787638886
2075,193251,35.197077689480366
2076,194050,15.387500014710135
2077,202548,69.72774936878025
2078,205496,17.484433599730927
2079,208861,63.54209764655223
2080,211007,30.571118772986445
2081,225730,58.61263583167762
2082,234624,56.541451730679064
2083,235552,32.51300329645797
2084,234906,66.84955143540817
2085,225024,54.98661892843823
2086,228519,57.48055246839526
2087,241095,65.20616566535031
2088,218660,62.237758845900665
2089,232440,70.8900195963682
2090,215818,68.5845312242368
2091,226773,58.94910697005879
2092,229745,58.94551003820045
2093,229927,69.90617815578085
2094,230869,17.17165680179634
2095,231627,56.20716801425608
2096,235381,66.06596860481646
2097,237294,66.3029679084064
2098,206083,59.378393663420276
2099,210635,47.253624499780415
2100,227647,59.510042632251086
2101,232144,46.526580654601894
2102,236817,57.70516502894892
2103,230800,55.79330206425
2104,217845,63.98598126723961
2105,220045,64.93203497873208
2106,222484,18.330762014052883
2107,223143,53.29720624700988
2108,223570,71.30354708802754
2109,224425,61.82295206207734
2110,227370,17.468108582870855
2111,230074,53.9962387476442
2112,235507,58.82140279352886
2113,239329,55.95526550513923
2114,240190,57.882851932640136
2115,222875,56.880187644947426
2116,228595,57.02692354380068
2117,215756,63.11290908361049
2118,225293,52.81584941161227
2119,229864,52.329956234969195
2120,213303,62.766704259699424
2121,215245,66.10049052696341
2122,225567,67.69493716217875
2123,234832,48.789744665093025
2124,220084,63.81198008271063
2125,221179,56.524389686694164
2126,223759,68.17272848246738
2127,204105,55.77808203675458
2128,206038,54.58781730350998
2129,210450,56.12911755446991
2130,212645,57.183225458513405
2131,224071,63.814636107361096
2132,232406,53.84408726757877
2133,217202,56.63246568936635
2134,205939,58.9456637823249
2135,227668,17.022195834667997
2136,193683,65.75173780262953
2137,192546,61.64418982706147
2138,198348,67.32695913410792
2139,209288,68.59275270192316
2140,150657,51.14590542141934
2141,153297,17.04201827138519
2142,157585,54.00638454108782
2143,158172,62.043559365010836
2144,159040,60.89315331692079
2145,166928,65.34109672121662
2146,169805,67.97149184004664
2147,172966,57.6064177910981
2148,173155,65.4857913113346
2149,178310,40.98245369584426
2150,183924,60.28204130766824
2151,184031,65.09631240227914
2152,184331,51.40973048484531
2153,184990,58.715867445083134
2154,188617,62.37343307074279
2155,201491,61.529257089699556
2156,212879,62.992948943460455
2157,223284,53.69794776375731
2158,231410,63.0716971107715
2159,234333,57.46996725635928
2160,234399,58.43211775344435
2161,236836,65.98782752702563
2162,225908,47.687974656154076
2163,231236,66.08430053234673
2164,231848,65.82644487236804
2165,235407,65.39881961950171
2166,236246,65.87033232399625
2167,226430,66.1528854707764
2168,229701,64.16959359132467
2169,234706,57.94515753844409
2170,230038,18.44927935259443
2171,235944,64.06149001326584
2172,231856,61.22639961230695
2173,233114,62.29680118435769
2174,234943,61.19099911998151
2175,240501,59.02032782055664
2176,215410,45.787098180516715
2177,235582,22.79133792534233
2178,239342,17.028903906621565
2179,212030,55.54185592236249
2180,213242,57.024570880794236
2181,213328,58.4766918910602
2182,213957,57.445763646442074
2183,222840,52.01574587628975
2184,230132,60.26594399238882
2185,232120,55.42768783777911
2186,235856,21.13531791109258
2187,236532,44.814871387768534
2188,220030,54.55756288304416
2189,222464,23.994414293875945
2190,224826,67.08901322294594
2191,225859,52.767352904143955
2192,228171,64.09072071275463
2193,231628,52.41717759571768
2194,235590,28.20923740817039
2195,240282,61.6754357680001
2196,240289,40.59882072281952
2197,206562,59.60451687319506
2198,209833,65.22597102695383
2199,212300,39.601575151437316
2200,227558,52.42150462841119
2201,205377,20.72350248378448
2202,218880,46.48893022587231
2203,225564,57.476884928595595
2204,226356,64.13224844406805
2205,229515,62.1858713139578
2206,201208,45.83495235640474
2207,213868,50.30456740672102
2208,229543,56.52771273135376
2209,234730,55.93841876833308
2210,204193,61.92785489783936
2211,205086,72.40295775767025
2212,210366,19.208115524710212
2213,210747,58.15023856763422
2214,223070,60.74372483920458
2215,237548,54.36949251105637
2216,200807,56.14341153527443
2217,201179,16.189832894533005
2218,207754,51.4800739076416
2219,211463,62.0896657346336
2220,234418,62.29372587241327
2221,194149,66.32612190598522
2222,211848,59.06167723089007
2223,220829,49.11807778459801
2224,220152,64.58225007674493
2225,7674,16.51460040989002
2226,50723,16.218532313701083
2227,152181,18.78148265301567
2228,182816,61.054440584987056
2229,182818,54.162758856832895
2230,183597,19.18519652147339
2231,186941,15.28319110442889
2232,188386,56.661689063404204
2233,190122,66.49099930993796
2234,215390,48.9211443305567
2235,235619,65.61468486580897
2236,235266,17.324392882211566
2237,230740,56.20200647957089
2238,237692,63.33215460529201
2239,232293,51.86540806243667
2240,233767,52.181559831287245
2241,241103,50.90303405463701
2242,230686,66.91918270723387
2243,235073,16.06349015960232
2244,227927,54.651323814299914
2245,236947,43.45859651513727
2246,237715,55.784332283456635
2247,221479,53.53324851754794
2248,235332,15.21409453204912
2249,237985,43.27280040770238
2250,213709,64.57994879982584
2251,225782,57.998646770894474
2252,230681,54.70685159017196
2253,215777,56.981557195952384
2254,231264,59.173230144460064
2255,231366,40.19343275057784
2256,236786,59.88091668059837
2257,239614,49.25157537377518
2258,228332,56.736532226494575
2259,229011,45.16026488469994
2260,229517,64.93230223120852
2261,213745,43.452872904246945
2262,214877,61.3250915420029
2263,216282,50.249605811940555
2264,216699,66.10083976508113
2265,222493,44.613912431875995
2266,223817,58.26306965662969
2267,225200,56.34322548137582
2268,225699,53.648089559479764
2269,228707,38.00516111649614
2270,231612,62.835848880578425
2271,233125,64.51271648116759
2272,235961,59.2707597014184
2273,210389,54.87655540355017
2274,212083,60.097813049968224
2275,228786,40.25842319826315
2276,240898,63.247283477826095
2277,208593,59.610006805866234
2278,211358,19.959004750721892
2279,231123,52.671731023876006
2280,235398,69.27799242060532
2281,237032,41.868483271990904
2282,200855,57.076274714006864
2283,222546,14.20284866021518
2284,228716,55.59883433161877
2285,192317,15.908567401996196
2286,205871,18.70861432333722
2287,215379,55.61370531679336
2288,219760,53.696536278432
2289,220488,60.6227156062075
2290,229518,42.195085997358326
2291,205596,52.127999335340064
2292,211988,58.64767006551381
2293,223009,34.12067407075312
2294,194150,17.037484068509055
2295,209602,48.17206191996582
2296,201418,61.71818401764149
2297,155533,52.850629921793214
2298,166862,42.44311678355794
2299,177036,49.67072637532932
2300,177340,19.661331535007474
2301,182761,17.861052058843093
2302,192540,65.85714037781922
2303,200877,63.64827806684686
2304,201409,66.46114261329556
2305,203823,54.40532165948506
2306,209979,54.778221266690984
2307,239135,65.32717875102594
2308,236248,58.51492376682374
2309,236610,55.73111286813276
2310,237024,61.890672726213765
2311,237383,40.388613124597605
2312,230899,56.10868936717094
2313,240753,57.36159090501949
2314,220196,62.66975672931125
2315,229195,62.55878080238015
2316,222156,51.91885913482955
2317,236987,52.53140539246863
2318,237310,58.282749558449005
2319,228408,67.92710009050448
2320,236830,64.06975862064377
2321,238847,14.554785116586352
2322,239003,59.8416309640373
2323,222922,63.25979634405615
2324,223885,19.353204206134397
2325,228791,57.389919374511145
2326,231614,51.938803990082064
2327,235942,60.35533247031662
2328,240781,14.1573843308102
2329,232192,55.331036323356166
2330,238391,51.79000409363251
2331,239747,57.76470511086434
2332,224387,54.82822952000703
2333,225101,64.40127312312904
2334,228651,57.382698427618266
2335,241013,17.775747869403574
2336,211690,40.477386181193495
2337,213418,51.6458951290534
2338,221346,62.92931914010279
2339,222572,19.12604926053287
2340,223938,63.85625941280415
2341,225636,47.649033588894675
2342,226861,61.409755350297374
2343,229236,51.37610029162433
2344,236723,59.66441878938179
2345,239894,57.14461103104188
2346,240371,14.884226259000384
2347,224095,60.73373620381091
2348,224251,18.301638470650783
2349,226710,59.99483694988578
2350,229412,39.1072534535093
2351,239323,51.22018213220626
2352,239963,14.288389247610242
2353,240311,14.312758581075276
2354,204846,18.080653322112195
2355,220421,57.228122456449555
2356,229743,57.91703168103324
2357,231109,59.37743544137119
2358,203224,43.841812576632904
2359,205554,18.33543739796252
2360,211593,48.20245258301125
2361,216321,65.41513735528531
2362,220833,17.91906558039993
2363,225344,67.51613256386551
2364,225584,64.55780907946476
2365,214948,49.280789338520506
2366,223095,61.22271122571417
2367,223853,47.845818746078464
2368,225034,39.05347204534858
2369,230793,62.224645788352035
2370,209830,22.3325132665586
2371,219725,17.38297543556803
2372,231601,46.99853998191623
2373,203348,67.09617863778672
2374,219900,55.703224403025736
2375,241167,61.64453944244559
2376,54037,17.084102539495536
2377,137166,17.90714377148874
2378,164495,64.20902753993741
2379,183640,34.85917399040344
2380,240507,61.30086537526534
2381,233049,63.155981161222755
2382,234317,64.90330752908834
2383,222104,42.77767681509532
2384,237382,64.21062629348278
2385,238476,42.681131215937214
2386,239025,53.73931651014868
2387,228509,58.70744386067046
2388,233164,21.020171832006305
2389,234833,16.715537120361695
2390,237629,60.90372877883204
2391,237698,66.5942059980543
2392,238379,59.16172189889426
2393,239364,16.565593441574887
2394,229194,55.19107679690365
2395,237699,57.58977107894558
2396,238616,56.49745029041372
2397,239043,51.78438716410979
2398,239807,57.79020941658992
2399,226568,62.46540394214911
2400,228770,33.86025360143065
2401,237595,50.646724814550794
2402,238341,59.3908925992299
2403,238744,62.50636086399178
2404,241053,50.19076849076697
2405,226108,46.97803560817172
2406,235022,65.13394056351306
2407,236467,38.57643602775017
2408,239949,42.54052394988109
2409,220894,60.883480009406384
2410,223271,62.434250272702
2411,231720,14.184469580384773
2412,237238,54.63920091277947
2413,221397,66.17848714064503
2414,226656,18.582057848579737
2415,231307,49.80114245763715
2416,231842,62.53955327931739
2417,235981,54.10341125054891
2418,237679,56.23454264894438
2419,241014,64.28823881861878
2420,220346,20.99802646592
2421,229364,54.837913552861714
2422,238346,53.83631101321204
2423,240193,57.7127893730229
2424,241049,50.041893856670754
2425,240385,67.70115589486757
2426,241094,60.918767659198004
2427,223137,55.34824347883887
2428,230141,58.780426210485935
2429,231263,50.90212252784273
2430,231320,55.495205735414594
2431,231434,65.07858354766898
2432,235868,51.84608921180046
2433,235970,52.789675000803065
2434,236790,41.83497231220457
2435,237212,57.26329340639764
2436,238110,60.2640200896867
2437,238126,59.22218134534457
2438,238475,36.83619710397085
2439,239589,56.46214525470456
2440,240351,59.383601410666905
2441,219637,20.520478034595136
2442,220815,52.84840045726034
2443,221355,58.50030305848949
2444,222286,39.22088223801542
2445,225562,61.246338378121244
2446,237495,55.01237196573928
2447,212628,52.530793532860905
2448,219796,41.852526843027434
2449,224129,49.93477419718307
2450,234371,14.077694038847337
2451,234615,65.40352712890052
2452,234799,57.777884886637466
2453,234846,14.366582345854017
2454,225084,52.858563962466235
2455,200742,37.360508978158975
2456,216508,57.782120893280954
2457,223509,18.021659383485797
2458,221165,60.92363287295451
2459,216646,59.54312127801361
2460,200629,21.29046943517696
2461,205747,20.04849672704609
2462,101317,16.58564314606042
2463,172851,42.72593542519858
2464,193613,43.14091255405346
2465,216386,63.70781421846513
2466,240000,61.373953890789686
2467,240751,15.844902163622749
2468,233728,40.2132542185353
2469,235450,62.524261066669695
2470,238071,48.948635163794975
2471,235842,52.3158070308909
2472,236996,60.46706554609664
2473,240752,16.237677540929365
2474,241068,47.702151628660474
2475,223963,44.99122961264357
2476,227503,57.00276690474774
2477,222514,18.85985619517083
2478,229173,46.83407333975466
2479,236837,54.269283942839266
2480,237170,56.00277514570267
2481,239136,48.854298900180275
2482,239741,53.82386965782088
2483,240442,61.41611663445019
2484,224763,57.11272638302239
2485,229516,63.28676863598344
2486,235172,59.14420670864092
2487,238392,54.711783167682825
2488,228410,15.984128990673225
2489,228616,18.399313250042475
2490,228681,40.32997934937352
2491,230876,53.110330790369495
2492,231749,46.09894862602983
2493,233708,49.29550127555876
2494,234826,49.17378964291904
2495,235554,58.618425545039244
2496,236554,61.01998858624458
2497,238832,55.78748419737277
2498,239740,62.90971087704255
2499,240652,40.57611066873551
2500,229450,39.58601611701136
2501,234788,39.22749567498317
2502,237184,54.67059667794321
2503,238291,52.72314294703595
2504,218661,65.07469882305688
2505,219730,42.26505535924168
2506,224164,41.97711309530457
2507,229670,49.87353965813706
2508,232340,45.791075527438686
2509,234945,59.751035105993054
2510,236675,53.97949712471196
2511,241055,47.64883447883278
2512,236661,38.71504763533498
2513,240443,63.350660661853105
2514,209532,21.644669963261293
2515,213526,62.50438661345199
2516,223007,38.171497173249456
2517,225827,47.64530682585522
2518,227877,60.786455617419655
2519,228366,41.86634616733864
2520,228593,54.86953330111926
2521,231750,16.783873418486035
2522,236998,61.32657738502141
2523,240589,52.462880917066165
2524,241140,48.299933650955026
2525,212488,15.769199734589312
2526,223755,66.8222193901445
2527,228368,51.773078756659196
2528,236508,41.71718057099946
2529,213369,53.29276773597085
2530,215301,38.51265717269494
2531,221653,37.87279042575224
2532,225710,18.220893134730563
2533,226759,36.76485603316292
2534,231105,19.311308046989033
2535,237934,38.073378290900116
2536,205378,17.568368521040014
2537,216501,53.31456616875957
2538,220383,22.4334974007893
2539,223082,20.419489883125557
2540,240337,50.66552379440746
2541,222880,52.0637016509401
2542,208989,49.389700248362495
2543,234510,14.536165922465223
2544,239744,71.94401906169858
2545,239977,58.781975332687374
2546,239998,36.31818209609968
2547,233934,22.740418609461507
2548,237678,38.16715381074758
2549,220710,61.95762067344518
2550,230774,40.49771850229723
2551,231227,57.45841994369952
2552,231228,63.20331441615707
2553,235288,60.84076482232007
2554,240778,50.14956684002328
2555,229454,53.02458165995644
2556,240728,36.8928950305538
2557,228148,52.92028893132366
2558,233781,57.797284543111545
2559,235526,61.47704448152891
2560,236590,54.658785135660736
2561,236846,62.66094848991419
2562,239742,16.73847984001639
2563,240277,42.8579802159981
2564,227806,61.16867031280597
2565,231872,41.11763320136022
2566,236355,44.432158765005106
2567,238900,45.6515768560094
2568,241083,37.904786522132454
2569,228456,18.71959944168041
2570,232648,49.55113854908252
2571,238461,53.78853078617061
2572,221332,18.230587776418833
2573,228882,62.015703465039145
2574,234795,62.686564857295416
2575,216656,53.48465041308943
2576,222160,52.69753390783177
2577,224894,62.417281595351234
2578,234910,36.58138200170871
2579,240782,58.12834954704022
2580,212241,57.18831203470733
2581,216728,56.95573068947573
2582,224032,52.67598999728235
2583,233794,61.75342426915518
2584,234159,55.28120693203541
2585,239849,61.5661492333588
2586,240730,48.456129169556284
2587,235365,61.67084212841044
2588,236934,60.54173844616838
2589,238225,58.33381578362808
2590,240434,50.668244317504964
2591,212103,58.56198195766185
2592,215725,52.49766959409562
2593,228367,62.24574086711762
2594,231354,56.73444984946785
2595,236573,35.95038353552768
2596,240261,58.93305032441805
2597,221611,50.48269373428492
2598,204437,15.805902419421187
2599,233642,49.86728364359858
2600,222159,52.2461896568568
2601,225629,58.35274231190387
2602,231346,56.96084663028263
2603,239097,43.76206804799833
2604,220844,53.74797966848884
2605,137862,16.007546955219286
2606,239678,54.23656141695069
2607,237708,54.901371022087474
2608,231089,53.25837261844752
2609,231266,58.16956429771733
2610,225784,51.161000046639685
2611,227807,47.1338391835915
2612,236627,60.572209798747664
2613,236678,53.40678257539884
2614,238446,41.488282842166434
2615,228053,45.57034271643241
2616,231580,62.36719958033848
2617,239817,59.40412387743489
2618,240175,57.57829189558603
2619,240429,54.96379793610606
2620,229178,48.88105315325685
2621,230882,38.12361604318421
2622,231442,62.64359635714324
2623,236315,39.30527451420841
2624,239571,52.03412363845458
2625,240051,53.49490519212088
2626,228385,19.632550076438285
2627,228607,18.817147121815925
2628,228740,49.31563070886016
2629,237022,52.323743560146504
2630,237683,58.73517899489774
2631,225117,56.03786684699265
2632,231743,50.11504966372191
2633,232410,17.76607200206526
2634,234537,56.4365359830035
2635,236940,51.50162342366258
2636,237544,52.58011475922464
2637,238068,54.57063322231555
2638,240024,49.21517637497083
2639,232250,55.63422723678646
2640,233808,56.92636841415794
2641,233829,50.27617768856038
2642,234785,56.40760572940834
2643,236028,22.85008561093838
2644,234142,37.76453946538278
2645,234770,62.836626025684374
2646,236829,42.53753597869955
2647,241113,43.09912916195089
2648,226863,40.499058823346196
2649,235379,56.24962365740856
2650,236033,15.64364248909284
2651,240588,16.04953806384162
2652,240903,50.24437334900987
2653,203824,22.44286604469317
2654,231119,61.07252591089034
2655,235978,40.831296169021286
2656,238506,49.758126334858474
2657,240847,45.44393960773268
2658,241172,43.69928081333033
2659,223679,35.70836292942234
2660,229582,39.58824271141545
2661,236950,52.58308976913671
2662,240005,58.115054162285325
2663,226061,35.65795414420241
2664,228912,19.848211499446418
2665,230558,58.98955054447749
2666,239073,53.25720074298641
2667,241135,51.58484740639521
2668,211179,49.15423808579906
2669,230045,56.827405079951355
2670,205370,53.10324798994804
2671,225173,51.54917182965938
2672,231448,57.5427510392317
2673,236988,48.11780076277963
2674,241085,56.91459132503003
2675,231673,57.611532057457694
2676,234378,44.83787888527277
2677,240451,56.55176056067261
2678,231318,65.24064065482301
2679,235141,14.35977959287692
2680,236787,53.51141102354193
2681,240777,48.347974683672305
2682,234252,39.593946707339946
2683,235051,44.15605337322785
2684,238074,57.41752773117135
2685,240559,50.90488905785528
2686,240725,37.89947968862798
2687,229718,65.9765618765023
2688,231536,57.77687600237829
2689,235056,56.98311512265972
2690,238736,49.620319552171225
2691,239466,51.55387322637698
2692,241130,48.57728573763089
2693,231818,47.86363546906503
2694,235800,51.62893239777004
2695,237609,55.47455878012279
2696,240276,19.064594335775706
2697,232401,55.863432417801114
2698,234643,16.244001358835305
2699,234861,39.108224880681085
2700,229942,28.68278856024747
2701,233441,37.611101425999024
2702,233812,50.99245225693612
2703,237391,51.04315312941374
2704,238751,14.192993743481852
2705,239324,55.85543951828133
2706,231362,16.155482602538488
2707,239496,59.88796303551346
2708,240052,40.40090331308733
2709,230817,55.94443708993327
2710,231278,51.21861085119783
2711,234722,56.561633719532125
2712,236316,50.15910251220907
2713,238749,36.766940399777425
2714,239363,36.18472436816129
2715,224526,57.27547831630513
2716,234407,42.3586224806288
2717,232116,61.66476681009388
2718,220933,55.605852165617925
2719,237138,62.21447611939858
2720,225855,54.197401260391466
2721,226127,50.90636789230044
2722,204334,14.862608262051026
2723,233366,56.274373906194484
2724,168302,43.39825967343809
2725,239327,14.215510620797646
2726,239884,15.875640090181328
2727,240779,56.93237565197954
2728,232519,53.869793994033024
2729,230918,49.556157544294024
2730,227854,40.69611225243959
2731,228642,62.27013241055857
2732,232757,59.453064555607824
2733,233052,56.77260296214382
2734,235076,54.627865504930575
2735,236344,55.21905638099396
2736,239189,52.95117823790227
2737,233426,57.86518536499571
2738,236827,55.149623610708964
2739,234743,52.01446753719758
2740,238059,53.898720578735265
2741,238610,45.752846536344734
2742,223671,34.488051068406556
2743,229243,17.51643419944607
2744,235818,51.691830397109435
2745,239367,57.387934356669305
2746,221202,51.58324436501388
2747,228578,48.05801613563125
2748,231144,35.34935935663645
2749,234836,55.09450136741296
2750,229449,51.28379581294417
2751,237132,59.91240523023456
2752,239145,54.80858012906698
2753,240055,55.07078940332639
2754,241157,50.89156956127679
2755,225536,55.678073807032376
2756,236636,59.00172843514921
2757,231436,57.23571818266284
2758,239673,37.034315026688034
2759,210312,43.345120583788244
2760,220774,42.76984058544257
2761,240002,44.0967463513114
2762,194894,19.461530106135484
2763,237615,16.813157978748777
2764,220055,54.45517015784105
2765,239648,16.72709370439163
2766,240329,56.360897284461885
2767,236568,15.34950147981234
2768,240709,58.38250114960004
2769,238060,19.088077199395542
2770,237825,54.93426397099163
2771,224263,48.65353092066826
2772,237941,50.25367062662296
2773,230727,18.269116451599665
2774,239508,53.337126769481074
2775,240231,57.732636956592444
2776,240336,54.68365642108824
2777,234511,14.698139341227755
2778,223167,50.072939801482
2779,240056,35.6899408192349
2780,219724,54.6601633455764
2781,239679,52.133184247760354
2782,240247,36.50588756479763
2783,226800,44.45995549669151
2784,228631,57.38557685537899
2785,239677,53.83960093706149
2786,236015,57.39474607175607
2787,240669,54.26198027762385
2788,230667,53.07227525404739
2789,238271,50.27786017175229
2790,235018,17.647791740541347
2791,224951,47.613295218573
2792,229910,54.78181928843106
2793,220230,39.24940789167617
2794,232100,55.04974809434834
2795,223761,60.84683525067406
2796,228255,19.449472101575388
2797,234400,15.315740979897868
2798,240474,56.49797023552961
2799,226459,43.031744509227714
2800,235046,54.4811214385526
2801,239585,47.44039661707073
2802,231639,47.71135588628571
2803,233116,56.70843715095862
2804,240657,15.944059085432649
2805,228789,17.204912827139143
2806,240775,50.30262345561067
2807,231292,53.770551249304525
2808,237286,42.64199360354955
2809,229880,53.99026333402649
2810,231172,22.82906774201361
2811,233232,42.13391245100322
2812,234559,50.37104878508709
2813,231046,17.450216595314835
2814,235119,52.83903898673663
2815,233367,53.40554005203133
2816,240555,44.155976425249484
2817,240941,48.318824663308696
2818,241091,15.019125482164503
2819,231267,60.312642885345696
2820,235880,16.268146202506024
2821,226902,17.661829930677783
2822,240437,37.68242476635989
2823,240462,57.52885289583727
2824,231438,34.83281241850418
2825,235195,15.145046810261446
2826,239680,43.00878218619033
2827,240676,53.28531991234183
2828,240732,45.30286793605478
2829,233528,43.18849195693337
2830,226259,18.843141029391
2831,235736,46.12610781501844
2832,237669,54.890501084716334
2833,241015,15.132069577993862
2834,231032,50.8832287947986
2835,240520,16.165205737994466
2836,240768,50.44185780332461
2837,234143,50.79086253230321
2838,238705,51.96815765384319
2839,240006,37.34146590540644
2840,241087,30.521348747246176
2841,233833,43.47392547168792
2842,239101,14.85804235966784
2843,236239,14.637967046881249
2844,240003,50.47429036015489
2845,236599,50.62234685706964
2846,240438,49.30347045118463
2847,236867,15.034922862490177
2848,240004,50.944822048381944
2849,239098,28.91626089183759
2850,240189,48.781028238838324
2851,223989,54.802894455395304
2852,241072,40.033740456694765
2853,240785,16.312922157828776
2854,233047,34.46278999468644
