variable,ovr_la,ovr_rf,ovr_xgb,value_la,value_rf,value_xgb,skill_la,skill_rf,skill_xgb,util_la,util_rf,util_xgb,injury_la,injury_rf,injury_xgb,ovr_la_rescale,ovr_rf_rescale,ovr_xgb_rescale,value_la_rescale,value_rf_rescale,value_xgb_rescale,skill_la_rescale,skill_rf_rescale,skill_xgb_rescale,util_la_rescale,util_rf_rescale,util_xgb_rescale,injury_la_rescale,injury_rf_rescale,injury_xgb_rescale,ovr_mean,value_mean,skill_mean,util_mean,injury_mean,all_mean,league_name,club
club_Amiens SC,0.113312327,0.363625811,1.344091535,0.017274929,0.033493466,0.162282482,0,0.008905725,0,0,0.00100426,0.023146696,0,0.005508904,-0.025020329,100,100,100,88.75189484,76.00395899,89.95015611,0,65.1460961,44.18177043,100,77.4032469,84.27048979,0,100,0,100,84.90200332,54.66393327,80.83686835,50,74.08056099,French Ligue 1,Amiens SC
club_Atalanta,0.088194579,0.206961284,0.892736554,0.022013516,0.066994536,0.210807934,0,0.002765036,0,0,0.000419079,0,0,-4.75E-07,0,89.81922607,65.83226051,80.71432544,100,100,100,0,50.64250877,44.18177043,100,76.12098826,69.51239403,0,54.74806359,32.65449555,78.78860401,100,47.4121396,72.81669115,43.70127957,68.54374287,Italian Serie A,Atalanta
club_RC Strasbourg Alsace,0.033688346,0.069627663,0.458079934,0.010183057,0.03255295,0.175664201,0,0.009351969,0.017465003,0,-0.000352192,0.008099931,0,-0.00066122,0,67.72665523,35.88049378,62.14214505,71.91773444,75.3302892,92.72157164,0,66.20007135,57.09299145,100,74.43096749,74.67682699,0,49.32095709,32.65449555,55.24976469,79.98986509,61.6465314,74.55389724,40.98772632,62.48555695,French Ligue 1,RC Strasbourg Alsace
club_SD Eibar,0.019042197,0.015199332,0,0.006594994,0.009660462,0.099771187,0,0.010391288,0.075505294,0,-0.004023591,0,0,-7.90E-05,0,61.79025023,24.00995059,42.56912401,63.40065643,58.93292937,77.00378007,0,68.65482142,100,100,66.38613959,69.51239403,0,54.10320766,32.65449555,42.78977494,66.44578862,84.32741071,67.94926681,43.37885161,60.97821854,Spain Primera Division,SD Eibar
club_LOSC Lille,0.044887911,0.09772507,0.427983522,0.004945003,0.017966168,0.106821612,0,0.013540409,0.032773048,0,-0.0103333,-0.009383366,0,-0.000869242,0,72.26608436,42.00839596,60.85617364,59.48403111,64.88211435,78.4639554,0,76.09267603,68.4096544,100,52.56020187,63.52965601,0,47.6123441,32.65449555,58.37688465,67.61003362,72.25116522,58.04492894,40.13341983,59.28328645,French Ligue 1,LOSC Lille
club_RB Leipzig,0.043546765,0.165317275,0.296865463,0.005822031,0.038419407,0.098729685,0,-0.001089158,0.016115718,0,-0.007026875,0,0,-0.001008793,0,71.72248861,56.74991332,55.25370923,61.56585488,79.53229632,76.78808028,0,41.53935456,56.09551552,100,59.80529431,69.51239403,0,46.46613195,32.65449555,61.24203705,72.62874383,48.81743504,64.65884417,39.56031375,57.38147477,German 1. Bundesliga,RB Leipzig
club_Chelsea,0.057510507,0.139420722,0.291689873,1.81E-05,0.037655421,0.078755841,0,0.001995701,0,0,-0.003615395,0,0,0.000213464,0,77.38229933,51.10200641,55.03256454,47.7888823,78.98507084,72.65140548,0,48.82542877,44.18177043,100,67.28058538,69.51239403,0,56.50528401,32.65449555,61.1722901,66.47511954,46.5035996,68.39648971,44.57988978,57.42547775,English Premier League,Chelsea
club_RCD Espanyol,0.063244088,0.15721791,0.408159256,0,0.006467944,0.033632293,0,0.00241058,0,0,0.011316685,0.006794925,0,-0.001997659,0,79.7062455,54.98348279,60.00911453,47.74594928,56.64620299,63.30611178,0,49.80532556,44.18177043,100,100,73.84476829,0,38.34396324,32.65449555,64.89961427,55.89942135,46.993548,86.92238415,35.4992294,58.04283943,Spain Primera Division,RCD Espanyol
club_Tottenham Hotspur,0.0684968,0.075438334,0.314042687,0.005093869,0.008737962,0.097319409,0,0.004400883,0,0,-6.35E-05,0,0,7.85E-05,0,81.83528463,37.14777174,55.98766447,59.8373979,58.27216448,76.49600571,0,54.50618743,44.18177043,100,75.06356809,69.51239403,0,55.39635849,32.65449555,58.32357362,64.8685227,49.34397893,72.28798106,44.02542702,57.76989667,English Premier League,Tottenham Hotspur
club_Juventus,0.066842346,0.016285235,0.157728195,0.004530961,0.003623578,0,0,0.009100159,0,0,0.000470265,0,0,-0.000870103,0.022499293,81.16469832,24.24678062,49.30859687,58.50120957,54.60884936,56.34070951,0,65.6053254,44.18177043,100,76.2331494,69.51239403,0,47.60527437,62.01874003,51.57335861,56.48358948,54.89354792,72.87277172,54.8120072,58.12705498,Italian Serie A,Juventus
club_Milan,-0.003425511,0.043470558,0,0,0.023892228,0,0,0.023662555,0.03456825,0,-0.001354854,-0.017022604,0,-0.000107899,0,52.68359554,30.17576183,42.56912401,47.74594928,69.12681422,56.34070951,0,100,69.73678021,100,72.23391914,58.65895657,0,53.86572754,32.65449555,41.80949379,57.73782434,84.86839011,65.44643786,43.26011155,58.62445153,Italian Serie A,Milan
club_Manchester United,0,-0.035177626,0,0,0.001302934,0,0,0.015468884,0.022159688,0,0.001543785,0.004936523,0,-0.001899629,0.038295459,54.07203022,13.02299143,42.56912401,47.74594928,52.94662586,56.34070951,0,80.6475097,60.5635961,100,78.58546347,72.65987024,0,39.14914094,82.63460898,36.55471522,52.34442822,70.6055529,75.62266686,60.89187496,59.20384763,English Premier League,Manchester United
club_TSG 1899 Hoffenheim,0.043704862,0.071564872,0.268369913,0.003272535,0.016302302,0.085353717,0,0.003988202,0,0,0.000181,0,0,-0.000743799,0,71.78656885,36.30298942,54.03614006,55.51404991,63.69032572,74.01785598,0,53.53148223,44.18177043,100,75.59930654,69.51239403,0,48.64268631,32.65449555,54.04189944,64.40741054,48.85662633,72.55585029,40.64859093,56.10207551,German 1. Bundesliga,TSG 1899 Hoffenheim
club_OGC Nice,0.026033001,0.064009703,0.283624411,0,0.016498873,0.033939406,0,0.015342665,0.015257269,0,-0.007227645,0,0,-0.000432324,0,64.62377623,34.65524523,54.68794028,47.74594928,63.83112542,63.36971628,0,80.34939451,55.4608968,100,59.36536431,69.51239403,0,51.20102617,32.65449555,51.32232058,58.31559699,67.90514566,64.43887917,41.92776086,56.78194065,French Ligue 1,OGC Nice
club_Fiorentina,0,0.055531777,0,0,0.003130071,0,0,0.01247808,0.037439093,0,0.002521542,0.026653629,0,0.000127039,-0.014803255,54.07203022,32.80625247,42.56912401,47.74594928,54.25536157,56.34070951,0,73.58358113,71.85908654,100,80.72794093,86.50647385,0,55.79542015,13.33449307,43.14913557,52.78067345,72.72133384,83.61720739,34.56495661,57.36666137,Italian Serie A,Fiorentina
club_Manchester City,0.059331059,0.088523437,0.228959918,0,0.009131365,0,0,0.005955599,0,0,-0.001466339,0,0,0.000471741,0,78.12020904,40.00156629,52.35221417,47.74594928,58.5539497,56.34070951,0,58.1782446,44.18177043,100,71.98962973,69.51239403,0,58.62666574,32.65449555,56.82466317,54.21353617,51.18000752,70.75101188,45.64058065,55.72195988,English Premier League,Manchester City
club_Real Madrid,0.05533342,0.048552308,0.148168921,0.008895225,0.018870515,0.068142757,0,0.002581748,0.014903352,0,-0.007521144,-0.020011118,0,-0.000425171,0,76.49987831,31.28406583,48.90014443,68.86077358,65.52987721,70.45338712,0,50.20960256,55.1992589,100,58.72224331,56.75351104,0,51.25977329,32.65449555,52.22802952,68.28134597,52.70443073,57.73787718,41.95713442,54.58176356,Spain Primera Division,Real Madrid
club_Genoa,0.01490329,0.070411588,0.165045738,0,0.003727257,0,0,0.000824439,0,0,0.004043398,0.015108245,0,0.002132918,0,60.1126603,36.05146395,49.62126375,47.74594928,54.68311189,56.34070951,0,46.05904491,44.18177043,100,84.06265526,79.14525606,0,72.27094079,32.65449555,48.59512933,52.92325689,45.12040767,81.60395566,52.46271817,56.14109354,Italian Serie A,Genoa
club_Real Betis,0.024710354,0.05592248,0.172555208,0.002140367,0.012303505,0.070932105,0,0.003188207,0,0,0.000449682,0,0,-0.001813899,0,64.08767813,32.89146289,49.94213136,52.8265945,60.82608033,71.03107396,0,51.64198763,44.18177043,100,76.18804655,69.51239403,0,39.85329372,32.65449555,48.97375746,61.5612496,47.91187903,72.85022029,36.25389464,53.5102002,Spain Primera Division,Real Betis
club_Montpellier HSC,0,0.016182123,0,0,0.006743776,0,0,0.001862366,0,0,0.003658943,0.047816966,0,-9.55E-05,0,54.07203022,24.22429233,42.56912401,47.74594928,56.84377499,56.34070951,0,48.51050675,44.18177043,100,83.22023157,100,0,53.96790839,32.65449555,40.28848219,53.64347793,46.34613859,91.61011579,43.31120197,55.03988329,French Ligue 1,Montpellier HSC
club_SPAL,0,0.043118504,0.217217803,0,0.012587217,0,0,0.005897145,0,0,0.003733413,0,0,0,0,54.07203022,30.09898064,51.85049242,47.74594928,61.02929622,56.34070951,0,58.04018311,44.18177043,100,83.38341099,69.51239403,0,54.75196852,32.65449555,45.34050109,55.03865167,51.11097677,76.44790251,43.70323204,54.32825282,Italian Serie A,SPAL
club_Leicester City,0.003413186,0.078272161,0,0,0.020255924,0.033785895,0,0.004506165,0,0,-0.003321658,0,0,0.000723991,0,55.45546937,37.76581507,42.56912401,47.74594928,66.52221415,63.33792329,0,54.75485164,44.18177043,100,67.92422476,69.51239403,0,60.69855382,32.65449555,45.26346948,59.20202891,49.46831104,68.7183094,46.67652469,53.8657287,English Premier League,Leicester City
club_Lazio,0.029651397,0.061507004,0,0,0.006465648,0,0,0.005985714,0.012033977,0,-0.000628895,0,0,-0.000325738,0,66.09039149,34.10941927,42.56912401,47.74594928,56.64455843,56.34070951,0,58.24937311,53.07803763,100,73.82465239,69.51239403,0,52.07648056,32.65449555,47.58964492,53.57707241,55.66370537,71.66852321,42.36548806,54.17288679,Italian Serie A,Lazio
club_Olympique Lyonnais,0.041687174,0.064681353,0.121999621,0,0.009201091,0.024661496,0,0.012488029,0.019230008,0,-0.008578213,-0.037078913,0,-0.000105108,0,70.9687557,34.80172865,47.78197221,47.74594928,58.60389285,61.44821855,0,73.60707834,58.39779361,100,56.40597842,45.87125994,0,53.88865291,32.65449555,51.18415219,55.93268689,66.00243598,51.13861918,43.27157423,53.50589369,French Ligue 1,Olympique Lyonnais
club_FC Bayern München,0.018948289,0.039164308,0,0,0.005668081,0,0,0.010872099,0,0,-8.14E-05,0,0,0.000242305,0,61.75218695,29.2365906,42.56912401,47.74594928,56.07327919,56.34070951,0,69.79044108,44.18177043,100,75.02444029,69.51239403,0,56.7421669,32.65449555,44.51930052,53.38664599,56.98610576,72.26841716,44.69833123,54.37176013,German 1. Bundesliga,FC Bayern München
club_Borussia Dortmund,0.013402157,0.070306074,0,0,0.022185167,0.028509393,0,0.001895368,0,0,-0.00198935,0,0,0.00048748,0,59.5042184,36.02845186,42.56912401,47.74594928,67.90408572,62.24513568,0,48.58845489,44.18177043,100,70.84360021,69.51239403,0,58.75594455,32.65449555,46.03393142,59.29839023,46.38511266,70.17799712,45.70522005,53.5201303,German 1. Bundesliga,Borussia Dortmund
club_Sevilla FC,0.025475611,0.055922347,0.205010772,0,0.023000697,0,0,1.97E-06,0,0,-0.000835358,0,0,-0.000157533,0,64.39785376,32.89143399,51.32890555,47.74594928,68.48823134,56.34070951,0,44.11646817,44.18177043,100,73.3722463,69.51239403,0,53.45805435,32.65449555,49.53939777,57.52496338,44.1491193,71.44232017,43.05627495,53.14241511,Spain Primera Division,Sevilla FC
club_Arsenal,0.013121183,0.016566801,0,0,-0.001065563,0,0,0.000982933,0,0,-0.001277201,0.007486514,0,-0.004323868,0.051601063,59.39033345,24.30818885,42.56912401,47.74594928,51.25012617,56.34070951,0,46.43338866,44.18177043,100,72.40407385,74.28571831,0,19.23736533,100,42.08921544,51.77892832,45.30757955,73.34489608,59.61868267,54.42786041,English Premier League,Arsenal
club_Bologna,0,0.034898249,0,0,0.006908592,0.033700779,0,0.006608925,0.010682397,0,-0.000397196,0,0,2.71E-05,0,54.07203022,28.30618473,42.56912401,47.74594928,56.96182912,63.32029549,0,59.72132448,52.07886525,100,74.33235304,69.51239403,0,54.97453415,32.65449555,41.64911299,56.00935797,55.90009487,71.92237354,43.81451485,53.85909084,Italian Serie A,Bologna
club_1. FSV Mainz 05,0.012747848,0.032917667,0.161910653,0,0.00772807,0.034639701,0,0.004191201,0,0,0.000618331,0,0,-0.000413224,0,59.23901243,27.87422985,49.48730659,47.74594928,57.54880209,63.51475058,0,54.01094323,44.18177043,100,76.55759254,69.51239403,0,51.35790063,32.65449555,45.53351629,56.26983399,49.09635683,73.03499329,42.00619809,53.1881797,German 1. Bundesliga,1. FSV Mainz 05
club_Paris Saint-Germain,0.009747391,0.021293194,0,0,0.005022139,0,0,0.011245958,0,0,-0.000351911,0,0,2.78E-05,0,58.02286125,25.33899109,42.56912401,47.74594928,55.61060603,56.34070951,0,70.6734522,44.18177043,100,74.43158267,69.51239403,0,54.98046449,32.65449555,41.97699212,53.23242161,57.42761132,71.97198835,43.81748002,53.68529868,French Ligue 1,Paris Saint-Germain
club_Dijon FCO,0,0.013712186,0,0,0.006283647,0,0,0.000629741,0,0,0.006791785,0.015281218,0,0.000461348,0,54.07203022,23.6856116,42.56912401,47.74594928,56.51419527,56.34070951,0,45.59919218,44.18177043,100,90.08496633,79.25554166,0,58.5413063,32.65449555,40.10892195,53.53361802,44.89048131,84.670254,45.59790093,53.76023524,French Ligue 1,Dijon FCO
club_Deportivo Alavés,0,0.045329991,0,0.004974478,0.012702114,0.09433727,0,0.000253869,0,0,-0.000589257,0,0,-0.001800752,0,54.07203022,30.58129462,42.56912401,59.55399526,61.11159449,75.87839092,0,44.71142656,44.18177043,100,73.91150631,69.51239403,0,39.96127962,32.65449555,42.40748295,65.51466022,44.4465985,71.71195017,36.30788759,52.07771588,Spain Primera Division,Deportivo Alavés
club_Bayer 04 Leverkusen,0.014836294,0.085229069,0.126916051,0,0.013882773,0,0,0.004927802,0,0,-0.002274948,0,0,-0.001462112,0,60.08550553,39.28308135,47.99204336,47.74594928,61.95727329,56.34070951,0,55.75070785,44.18177043,100,70.21779313,69.51239403,0,42.74273731,32.65449555,49.12021008,55.34797736,49.96623914,69.86509358,37.69861643,52.39962732,German 1. Bundesliga,Bayer 04 Leverkusen
club_Borussia Mönchengladbach,0.004439844,0.060664192,0,0,0.011725676,0.008883461,0,0.000902659,0,0,0.001111261,0,0,0.000327115,0,55.87159615,33.92560628,42.56912401,47.74594928,60.41219475,58.18051512,0,46.24379242,44.18177043,100,77.63770845,69.51239403,0,57.43876709,32.65449555,44.12210882,55.44621972,45.21278143,73.57505124,45.04663132,52.68055851,German 1. Bundesliga,Borussia Mönchengladbach
club_Real Sociedad,0,0.04872085,0,0,0.016768946,0,0,0.00224313,0,0,-0.001677484,0,0,0.000402055,0,54.07203022,31.3208238,42.56912401,47.74594928,64.0245725,56.34070951,0,49.40982771,44.18177043,100,71.52696629,69.51239403,0,58.05429871,32.65449555,42.65399268,56.0370771,46.79579907,70.51968016,45.35439713,52.27218923,Spain Primera Division,Real Sociedad
club_Getafe CF,0.015256117,0.066841031,0,0,0.007431065,0.014369383,0,0.00227908,0,0,0.000283259,0.00955063,0,-0.001733254,0,60.25566875,35.27274362,42.56912401,47.74594928,57.33606406,59.31667476,0,49.49473612,44.18177043,100,75.82337794,75.60177765,0,40.51568398,32.65449555,46.03251213,54.7995627,46.83825328,75.7125778,36.58508977,51.99359913,Spain Primera Division,Getafe CF
club_Liverpool,0,0.041805715,0,0,0.010592196,0.031432644,0,0.002530487,0,0,-0.003312275,0,0,-0.001823675,0.014846176,54.07203022,29.81266789,42.56912401,47.74594928,59.60030895,62.85055421,0,50.08853073,44.18177043,100,67.94478586,69.51239403,0,39.77299507,52.03051493,42.15127404,56.73227081,47.13515058,68.72858995,45.901755,52.12980808,English Premier League,Liverpool
club_Everton,0,0.047352794,0.090765595,0,0.009865047,0,0,0.006176737,0,0,-0.007266423,-0.006765232,0,-0.001390488,0.016911594,54.07203022,31.02245776,46.44739236,47.74594928,59.0794691,56.34070951,0,58.70054514,44.18177043,100,59.28039366,65.19895136,0,43.33102919,54.72613063,43.84729345,54.3887093,51.44115779,62.23967251,49.02857991,52.18908259,English Premier League,Everton
club_Angers SCO,0.005675334,0.057114432,0,0,0.002821842,0,0,0.003383944,0,0,-0.002522103,0.008210066,0,-3.47E-05,0,56.37236758,33.15142158,42.56912401,47.74594928,54.03458425,56.34070951,0,52.10429516,44.18177043,100,69.67622291,74.7470476,0,54.46718792,32.65449555,44.03097105,52.70708101,48.1430328,72.21163526,43.56084174,52.13071237,French Ligue 1,Angers SCO
club_FC Barcelona,0.026920193,0.002424759,0,0,0.000901526,0,0,0.007082867,0,0,-0.002319333,0,0,-4.67E-05,0,64.98337445,21.22388109,42.56912401,47.74594928,52.65910626,56.34070951,0,60.84071903,44.18177043,100,70.12053661,69.51239403,0,54.36862796,32.65449555,42.92545985,52.24858835,52.51124473,69.81646532,43.51156176,52.202664,Spain Primera Division,FC Barcelona
club_Hertha BSC,0,0.041784099,0,0,0.005799199,0,0,0.004076033,0,0,0.001691887,0,0,-0.000803695,0,54.07203022,29.80795375,42.56912401,47.74594928,56.16719641,56.34070951,0,53.73892954,44.18177043,100,78.90998713,69.51239403,0,48.15072384,32.65449555,42.14970266,53.41795173,48.96034999,74.21119058,40.4026097,51.82836093,German 1. Bundesliga,Hertha BSC
club_Stade Rennais FC,-0.005371636,0.02502755,0,0,0.007482663,0,0,0.002885601,0,0,-0.000606775,0,0,0.000142235,0,51.89478849,26.15343532,42.56912401,47.74594928,57.3730229,56.34070951,0,50.92726967,44.18177043,100,73.87312217,69.51239403,0,55.9202297,32.65449555,40.20578261,53.8198939,47.55452005,71.6927581,44.28736263,51.51206346,French Ligue 1,Stade Rennais FC
club_Sassuolo,0.00463989,0.031203017,0,0,0.00956002,0,0,0.000881106,0,0,-0.003914047,-0.008854771,0,0.001256004,0,55.95267924,27.50027337,42.56912401,47.74594928,58.86098519,56.34070951,0,46.19288533,44.18177043,100,66.62617376,63.86668301,0,65.06830642,32.65449555,42.00735887,54.31588133,45.18732788,65.24642839,48.86140099,51.12367949,Italian Serie A,Sassuolo
club_RC Celta,0,0.078007795,0,0,0.001892652,0,0,-0.000741489,0,0,-0.001386701,0,0,-4.71E-06,0,54.07203022,37.70815826,42.56912401,47.74594928,53.36902694,56.34070951,0,42.36050625,44.18177043,100,72.16413501,69.51239403,0,54.71328382,32.65449555,44.78310416,52.48522858,43.27113834,70.83826452,43.68388969,51.01232506,Spain Primera Division,RC Celta
club_Roma,0.016474967,0.033425197,0,0,0.007130277,0,0,-0.003696058,0,0,0.001004995,0,0,0.000105865,0,60.74969558,27.98491948,42.56912401,47.74594928,57.12061688,56.34070951,0,35.38216164,44.18177043,100,77.40485727,69.51239403,0,55.62150442,32.65449555,43.76791302,53.73575856,39.78196604,73.45862565,44.13799999,50.97645265,Italian Serie A,Roma
club_Inter,-0.000687686,0.041768367,0,0,0.005382802,0,0,0.004776457,0,0,-0.002932531,-0.009497209,0,0.000212055,0,53.79329588,29.80452249,42.56912401,47.74594928,55.86894086,56.34070951,0,55.39324899,44.18177043,100,68.77688777,63.45707147,0,56.49370615,32.65449555,42.05564746,53.31853322,49.78750971,66.11697962,44.57410085,51.17055417,Italian Serie A,Inter
club_Toulouse Football Club,-0.034758586,-0.001880704,-0.194764376,0,-0.001656945,-0.0684717,0,0.005809803,0,0,0.00817204,0.045381896,0,-0.001247684,0,39.98361334,20.28488142,34.24715455,47.74594928,50.82653259,42.15990627,0,57.83389144,44.18177043,100,93.10940331,98.44742469,0,44.50396942,32.65449555,31.50521644,46.91079605,51.00783094,95.778414,38.57923249,52.75629798,French Ligue 1,Toulouse Football Club
club_SV Werder Bremen,0,-0.018046082,-0.079532146,0,-0.006894484,0,0,0.004602387,0,0,0.000590079,0.022517808,0,-0.000924395,0,54.07203022,16.75929433,39.17084293,47.74594928,47.07500469,56.34070951,0,54.98211703,44.18177043,100,76.49568714,83.86951687,0,47.1593424,32.65449555,36.66738916,50.38722116,49.58194373,80.18260201,39.90691898,51.34521501,German 1. Bundesliga,SV Werder Bremen
club_Athletic Club de Bilbao,0,0.18528295,0,0,0.000809387,0,0,0.00094512,0,0,-0.011022113,-0.017121039,0,-0.000456686,0,54.07203022,61.1043259,42.56912401,47.74594928,52.59310961,56.34070951,0,46.34407965,44.18177043,100,51.05086364,58.59619529,0,51.00092284,32.65449555,52.58182671,52.22658947,45.26292504,54.82352947,41.8277092,49.34451598,Spain Primera Division,Athletic Club de Bilbao
club_Torino,0.002092224,0.041147626,0,0,0.001092093,0,0,0.001151663,0,0,-0.002209422,0,0,-0.00064223,0,54.92005437,29.66914214,42.56912401,47.74594928,52.79560521,56.34070951,0,46.83191098,44.18177043,100,70.3613743,69.51239403,0,49.47693348,32.65449555,42.38610684,52.294088,45.50684071,69.93688417,41.06571452,50.23792685,Italian Serie A,Torino
club_SC Paderborn 07,0.019531565,0.017557885,0,0,0.003141597,0,0,-0.002078619,0,0,-0.000351507,0,0,-0.000663761,0,61.9886018,24.52433918,42.56912401,47.74594928,54.26361764,56.34070951,0,39.20236218,44.18177043,100,74.43246859,69.51239403,0,49.30008711,32.65449555,43.027355,52.78342548,41.69206631,71.97243131,40.97729133,50.09051389,German 1. Bundesliga,SC Paderborn 07
club_FC Schalke 04,0,0.019871539,0,0,-0.000187731,-0.033998817,0,-0.002436855,-0.016269706,0,0.000700275,0.035525423,0,-0.000193872,0,54.07203022,25.02893535,42.56912401,47.74594928,51.87889676,49.29939847,0,38.35625202,32.15418736,100,76.73715052,92.16303838,0,53.15958061,32.65449555,40.55669653,49.64141483,35.25521969,84.45009445,42.90703808,50.56209272,German 1. Bundesliga,FC Schalke 04
club_Watford,-0.019886504,0.024872782,0,0,0.00209381,0,0,0.001253279,0,0,-0.000197335,0,0,1.37E-05,0,46.01159431,26.11968115,42.56912401,47.74594928,53.51311222,56.34070951,0,47.07191466,44.18177043,100,74.77029275,69.51239403,0,54.86416177,32.65449555,38.23346649,52.533257,45.62684255,72.14134339,43.75932866,50.45884762,English Premier League,Watford
club_Valencia CF,-0.014900763,0.01523223,0,0,0.003779138,0,0,0.000862947,0,0,-0.001377827,0,0,7.86E-05,0,48.03242446,24.01712552,42.56912401,47.74594928,54.72027299,56.34070951,0,46.14999661,44.18177043,100,72.18358019,69.51239403,0,55.39745825,32.65449555,38.20622466,52.93564393,45.16588352,70.84798711,44.0259769,50.23634322,Spain Primera Division,Valencia CF
club_VfL Wolfsburg,-0.024466018,0.009815054,0,0,0.003069743,0,0,-0.002778933,0,0,0.001946761,0,0,0.000895559,0,44.15541697,22.83566692,42.56912401,47.74594928,54.21215008,56.34070951,0,37.54830311,44.18177043,100,79.46847107,69.51239403,0,62.10774862,32.65449555,36.5200693,52.76626962,40.86503677,74.49043255,47.38112209,50.40458607,German 1. Bundesliga,VfL Wolfsburg
club_Villarreal CF,0,0.028845982,0,0,-0.000493793,0,0,-0.005230273,0.015608333,0,-0.003906372,0,0,0.000302789,0,54.07203022,26.98621584,42.56912401,47.74594928,51.6596714,56.34070951,0,31.75852498,55.72042517,100,66.64299019,69.51239403,0,57.23895778,32.65449555,41.20912336,51.9154434,43.73947508,68.07769211,44.94672667,49.97769212,Spain Primera Division,Villarreal CF
club_1. FC Köln,-0.014515335,0.009567975,0,0,-9.42E-05,0,0,-0.002556929,0,0,-0.000350932,0,0,0.000612151,0,48.18864687,22.78178034,42.56912401,47.74594928,51.94592027,56.34070951,0,38.07264946,44.18177043,100,74.43372825,69.51239403,0,59.77994123,32.65449555,37.84651708,52.01085969,41.12720995,71.97306114,46.21721839,49.83497325,German 1. Bundesliga,1. FC Köln
club_AS Monaco,-0.011665607,0.030863769,0,0,0.003268267,0,0,0.003566931,0,0,-0.003878584,-0.015540386,0,-6.54E-06,0,49.34370399,27.42628492,42.56912401,47.74594928,54.35434861,56.34070951,0,52.53648989,44.18177043,100,66.70388002,59.60400386,0,54.69827581,32.65449555,39.77970431,52.81366913,48.35913016,63.15394194,43.67638568,49.55656624,French Ligue 1,AS Monaco
club_RCD Mallorca,0.000977218,0.09183375,0,0,0.01261215,0.012060806,0,-0.008745163,-0.058469988,0,0.002810352,0.029158156,0,0,0,54.46811797,40.72352887,42.56912401,47.74594928,61.04715526,58.83855781,0,23.45676559,0.957102774,100,81.36078463,88.10333489,0,54.75196852,32.65449555,45.92025695,55.87722078,12.20693418,84.73205976,43.70323204,48.48794074,Spain Primera Division,RCD Mallorca
club_Napoli,0.024867117,0.06108894,0,0.003256112,0.033509237,0.028544888,0,-0.000749885,0,0,-0.011353078,-0.065757275,0,-0.000123751,0,64.15121797,34.01824174,42.56912401,55.47506625,76.01525557,62.25248677,0,42.34067659,44.18177043,100,50.32564857,27.58623147,0,53.73552788,32.65449555,46.91286124,64.5809362,43.26122351,38.95594002,43.19501172,47.38119454,Italian Serie A,Napoli
club_Sampdoria,0,0.014159809,0,0,0.004098185,0,0,0.002619053,0,0,-0.007386742,-0.016979303,0,0.000472013,0,54.07203022,23.78323598,42.56912401,47.74594928,54.94879909,56.34070951,0,50.29771417,44.18177043,100,59.01674863,58.68656479,0,58.62890152,32.65449555,40.1414634,53.01181929,47.2397423,58.85165671,45.64169854,48.97727605,Italian Serie A,Sampdoria
club_Udinese,-0.040802507,0.0044059,-0.178000808,0,-0.000300465,-0.077840328,0,0.002587653,0,0,0.002590659,0.01956154,0,-0.000208109,0,37.53387971,21.6559579,34.96343493,47.74594928,51.79814805,40.21962037,0,50.22355095,44.18177043,100,80.87939016,81.98463113,0,53.04263759,32.65449555,31.38442418,46.5879059,47.20266069,81.43201065,42.84856657,49.8911136,Italian Serie A,Udinese
club_Real Valladolid CF,-0.059761686,-0.01038938,-0.368395925,0,-0.003132818,-0.062325388,0,0.005315494,0,0,0.001062752,0.019921005,0,0.002904441,-0.009963072,29.84930911,18.42918227,26.82815689,47.74594928,49.7693992,43.43283564,0,56.66639085,44.18177043,100,77.53141656,82.21382196,0,78.60793722,19.65150572,25.03554942,46.98272804,50.42408064,79.87261926,49.12972147,50.28893977,Spain Primera Division,Real Valladolid CF
club_FC Augsburg,-0.04835824,0.001156061,0,0,0.000274187,0,0,-0.000601207,0,0,0.001089936,0,0,-0.000349365,0,34.47137578,20.94718435,42.56912401,47.74594928,52.20975825,56.34070951,0,42.69183696,44.18177043,100,77.59098187,69.51239403,0,51.88241621,32.65449555,32.66256138,52.09880568,43.4368037,73.55168795,42.26845588,48.80366292,German 1. Bundesliga,FC Augsburg
club_Eintracht Frankfurt,0.002419817,0.047573296,0,0,0.00974769,0.041726694,0,-0.002311808,-0.059764661,0,0.00105816,0,0,-0.006665999,0.038599264,55.05283512,31.07054812,42.56912401,47.74594928,58.99540914,64.9824992,0,38.65159836,0,100,77.52135402,69.51239403,0,0,83.03111035,42.89750242,57.24128587,19.32579918,73.51687403,41.51555518,46.89940333,German 1. Bundesliga,Eintracht Frankfurt
club_CD Leganés,0,0.048534183,0,0.000133789,0.011720309,0,0,0.006610543,0,0,-0.019264234,-0.04118637,0,0.000842122,0,54.07203022,31.28011275,42.56912401,48.0635274,60.40835013,56.34070951,0,59.72514517,44.18177043,100,32.9905956,43.25238779,0,61.66884005,32.65449555,42.64042233,54.93752901,51.9534578,38.1214917,47.1616678,46.96291373,Spain Primera Division,CD Leganés
club_FC Nantes,-0.022785585,-0.001260275,0,0,-0.007121022,-0.039988011,0,0.001239853,0,0,-0.00275064,0,0,-0.000107695,0,44.83653303,20.4201938,42.56912401,47.74594928,46.91274064,48.05900893,0,47.04020501,44.18177043,100,69.17544976,69.51239403,0,53.86740661,32.65449555,35.94195028,47.57256628,45.61098772,69.3439219,43.26095108,48.34607545,French Ligue 1,FC Nantes
club_West Ham United,-0.065329177,-0.000410832,-0.251664877,-0.001318263,-0.000819951,0,0,0.00119914,0,0,-0.000131939,0,0,0.001330642,0,27.59268291,20.60545311,31.81588737,44.61675545,51.42605225,56.34070951,0,46.94404531,44.18177043,100,74.91358849,69.51239403,0,65.68135351,32.65449555,26.67134113,50.79450573,45.56290787,72.21299126,49.16792453,48.8819341,English Premier League,West Ham United
club_AS Saint-Étienne,-0.044405505,0.011525055,-0.210652471,0,-0.000228348,-0.04452239,0,0.001001453,0,0,-0.002805058,0.001396285,0,0.00077868,0,36.07350554,23.2086096,33.56828173,47.74594928,51.84980366,47.1199183,0,46.4771328,44.18177043,100,69.0562071,70.40265123,0,61.14775241,32.65449555,30.95013229,48.90522375,45.32945162,69.72942917,46.90112398,48.36307216,French Ligue 1,AS Saint-Étienne
club_Crystal Palace,-0.079611896,-0.00380539,-0.407393456,-0.007251139,-0.001765536,-0.086870447,0,0.008266449,0.033246383,0,0.000275632,0,0,0.000868598,0,21.8035838,19.86511706,25.16185493,30.53373375,50.74875161,38.34944138,0,63.63620147,68.75957348,100,75.80666649,69.51239403,0,61.8863025,32.65449555,22.27685193,39.87730891,66.19788748,72.65953026,47.27039903,49.65639552,English Premier League,Crystal Palace
club_Olympique de Marseille,-0.00933757,-0.038253624,0,0,-0.011822315,-0.046581,0,0.000577128,-0.010779589,0,-0.000602903,0,0,0.000359897,0,50.28730841,12.35213177,42.56912401,47.74594928,43.54531327,46.69357066,0,45.47492484,36.21282461,100,73.88160558,69.51239403,0,57.70802706,32.65449555,35.0695214,45.9949444,40.84387473,71.69699981,45.18126131,47.75732033,French Ligue 1,Olympique de Marseille
club_Nîmes Olympique,0.009048981,0.028543591,0,0,0.004802078,0,0,0.004330986,0,0,-0.021731816,-0.023748476,0,0,0,57.73978063,26.92026603,42.56912401,47.74594928,55.45298161,56.34070951,0,54.34109886,44.18177043,100,27.58358986,54.37060974,0,54.75196852,32.65449555,42.40972356,53.17988013,49.26143465,40.9770998,43.70323204,45.90627403,French Ligue 1,Nîmes Olympique
club_Southampton,-0.043106102,0.010407627,0,-0.003311615,-0.003073741,0,0,-0.001859735,-0.020822972,0,0.002328064,0,0,7.99E-05,0,36.60018229,22.96490401,42.56912401,39.88508368,49.81171435,56.34070951,0,39.71933964,28.78812881,100,80.3039888,69.51239403,0,55.40789161,32.65449555,34.04473677,48.67916918,34.25373423,74.90819142,44.03119358,47.18340503,English Premier League,Southampton
club_Bournemouth,-0.017353314,0.006141105,0,0,0.00184751,0,0,0.001420937,0,0,-0.006500318,0.002987081,0,-0.003234849,0,47.03835177,22.03439727,42.56912401,47.74594928,53.33669255,56.34070951,0,47.46790442,44.18177043,100,60.95909446,71.4169263,0,28.1821559,32.65449555,37.21395769,52.47445045,45.82483743,66.18801038,30.41832573,46.42391633,English Premier League,Bournemouth
club_FC Metz,-0.026725128,-0.041462376,-0.34680593,0,-0.000681836,0,0,0.006496634,0.002738073,0,0.000115177,0.009249954,0,-0.00349633,0,43.23975002,11.65231941,27.75066273,47.74594928,51.52498113,56.34070951,0,59.45610607,46.20592537,100,75.45507368,75.41006996,0,26.03444938,32.65449555,27.54757739,51.87054664,52.83101572,75.43257182,29.34447247,47.40523681,French Ligue 1,FC Metz
club_Hellas Verona,-0.020447756,0.012293714,0,-0.004067699,-0.00193423,-0.1566028,0,0.001949811,0,0,-0.00082442,0,0,7.81E-05,0,45.7841066,23.37625013,42.56912401,38.09034819,50.62792022,23.90755109,0,48.71704315,44.18177043,100,73.39621359,69.51239403,0,55.39328654,32.65449555,37.24316025,37.54193984,46.44940679,71.45430381,44.02389105,47.34254035,Italian Serie A,Hellas Verona
club_Norwich City,-0.064640031,-0.005669166,-0.347689748,0,0.002031694,0,0,0.001734777,0,0,-0.007021961,0,0,8.40E-05,0,27.87200888,19.45863709,27.71289862,47.74594928,53.46861968,56.34070951,0,48.20915715,44.18177043,100,59.81606244,69.51239403,0,55.44227529,32.65449555,25.01451486,52.51842616,46.19546379,64.66422824,44.04838542,46.48820369,English Premier League,Norwich City
club_Brescia,-0.025231882,-0.002546385,-0.282963276,0,-0.000850112,-0.168777868,0,-0.00147509,0,0,-0.00207007,0,0,0.001484679,0,43.84499542,20.13969978,30.47855697,47.74594928,51.40444869,21.38603859,0,40.62782761,44.18177043,100,70.66672551,69.51239403,0,66.94655213,32.65449555,31.48775072,40.17881219,42.40479902,70.08955977,49.80052384,46.79228911,Italian Serie A,Brescia
club_SC Freiburg,-0.04725643,-0.006161234,-0.233737946,0,-0.000297484,-0.038520455,0,0.00051902,0,0,-0.003749636,-0.013106403,0,-8.36E-05,0,34.91796349,19.35131947,32.5818764,47.74594928,51.80028363,48.36294646,0,45.33768179,44.18177043,100,66.98643421,61.1558862,0,54.06559915,32.65449555,28.95038645,49.30305979,44.75972611,64.07116021,43.36004735,46.08887598,German 1. Bundesliga,SC Freiburg
club_Stade Brestois 29,-0.072248769,0.025402948,-0.376693726,-0.003909833,0.006687839,-0.1232972,0,0.002348377,0,0,0.00012117,0,0,0.000398909,0,24.78802053,26.23530765,26.47360516,38.46507785,56.80370839,30.80529373,0,49.6584075,44.18177043,100,75.46820625,69.51239403,0,58.02845353,32.65449555,25.83231111,42.02469332,46.92008897,72.49030014,45.34147454,46.52177362,French Ligue 1,Stade Brestois 29
club_FC Girondins de Bordeaux,-0.008207123,-0.000329248,0,0,1.09E-05,0,0,0.003367659,0,0,-0.016415175,-0.050489366,0,0.000156605,0,50.74550324,20.62324618,42.56912401,47.74594928,52.02114377,56.34070951,0,52.06583265,44.18177043,100,39.23349961,37.32089308,0,56.03826287,32.65449555,37.97929115,52.03593419,48.12380154,38.27719635,44.34637921,44.15252049,French Ligue 1,FC Girondins de Bordeaux
club_1. FC Union Berlin,-0.044660443,-0.000407338,-0.182422519,0,-0.002694143,-0.102002233,0,0.00325053,0,0,-0.005063707,-0.017247422,0,0,0,35.97017397,20.60621509,34.77450231,47.74594928,50.08361228,35.21557897,0,51.78918915,44.18177043,100,64.10702033,58.51561522,0,54.75196852,32.65449555,30.45029712,44.34838018,47.98547979,61.31131778,43.70323204,45.55974138,German 1. Bundesliga,1. FC Union Berlin
club_Atlético Madrid,0.019825665,0.010894312,0,0,0.004862054,0,0,0.000890853,0,0,-0.014163222,-0.073179185,0,-0.000257626,0,62.10780691,23.07104759,42.56912401,47.74594928,55.49594095,56.34070951,0,46.21590696,44.18177043,100,44.16801582,22.85409743,0,52.63592492,32.65449555,42.5826595,53.19419991,45.1988387,33.51105663,42.64521024,43.42639299,Spain Primera Division,Atlético Madrid
club_Wolverhampton Wanderers,-0.02936327,0.001334573,0,0,-0.007548585,-0.080295146,0,0.012760836,0.012488499,0,-0.02064839,-0.03761562,0,-3.87E-05,0,42.17045336,20.98611697,42.56912401,47.74594928,46.60648722,39.71121645,0,74.25141747,53.41404918,100,29.95761109,45.52906152,0,54.43382769,32.65449555,35.24189812,44.68788432,63.83273333,37.74333631,43.54416162,45.01000274,English Premier League,Wolverhampton Wanderers
club_Cagliari,-0.076047158,-0.017628398,-0.421017647,0,-0.007820421,-0.038274482,0,0.002265324,0,0,-0.000713602,0,0,-0.000259427,0,23.24845037,16.85038914,24.57971508,47.74594928,46.41177735,48.41388869,0,49.46224781,44.18177043,100,73.6390405,69.51239403,0,52.62113516,32.65449555,21.5595182,47.52387177,46.82200912,71.57571727,42.63781536,46.02378634,Italian Serie A,Cagliari
club_Brighton & Hove Albion,-0.073050201,-0.007629351,-0.408722758,0,-0.001371531,0,0,0.002714661,0.017714374,0,-0.023071969,-0.032177415,0,0.001457709,0,24.46318239,19.03113054,25.10505595,47.74594928,51.03096852,56.34070951,0,50.52352878,57.27734202,100,24.64702496,48.99640505,0,66.72503673,32.65449555,22.86645629,51.70587577,53.9004354,36.82171501,49.68976614,42.99684972,English Premier League,Brighton & Hove Albion
club_Levante UD,-0.067421238,-0.01351532,-0.339686036,-0.002935497,-0.009681441,-0.087420955,0,0.001409128,0,0,-0.005019098,0,0,-0.001155385,0,26.74472454,17.74743067,28.05488439,40.77788437,45.07877195,38.23542854,0,47.44001265,44.18177043,100,64.20476738,69.51239403,0,45.26207923,32.65449555,24.18234653,41.36402829,45.81089154,66.85858071,38.95828739,43.43482689,Spain Primera Division,Levante UD
club_Fortuna Düsseldorf,-0.066258415,-0.022120068,-0.543825626,-0.001934262,-0.00289004,-0.114450827,0,-0.001153093,0,0,-0.000950242,0,0,-0.001135783,0,27.21604224,15.87077863,19.33232704,43.15454106,49.94329517,32.63741804,0,41.38834627,44.18177043,100,73.12051034,69.51239403,0,45.4230801,32.65449555,20.80638264,41.91175142,42.78505835,71.31645219,39.03878783,43.17168648,German 1. Bundesliga,Fortuna Düsseldorf
club_Parma,-0.032642273,-0.000711311,0,-0.006044003,-0.019663207,-0.188527465,0,0.003285742,-0.022291515,0,-0.005154197,0,0,0,0,40.84140161,20.53992015,42.56912401,33.39914427,37.92906439,17.29580649,0,51.87235352,27.70249013,100,63.90873741,69.51239403,0,54.75196852,32.65449555,34.65014859,29.54133838,39.78742183,66.71056572,43.70323204,42.87854131,Italian Serie A,Parma
club_Newcastle United,-0.073136117,-0.009586513,-0.288056254,-0.00710072,-0.003830668,-0.07110931,0,-0.001845933,-0.021910291,0,9.37E-05,0,0,-0.000391114,0,24.42835897,18.60428354,30.26094217,30.8907878,49.26954556,41.61364517,0,39.75193955,27.98431461,100,75.40805871,69.51239403,0,51.53950751,32.65449555,24.43119489,40.59132618,33.86812708,72.46022637,42.09700153,42.68957521,English Premier League,Newcastle United
club_Aston Villa,-0.097595623,-0.017283107,-0.413559496,-0.016956714,-0.017322783,-0.152984723,0,0.001375007,0,0,-0.000285049,0,0,0.000220457,0,14.51438486,16.92569544,24.89838989,7.495358801,39.60545583,24.65687133,0,47.35942287,44.18177043,100,74.57809175,69.51239403,0,56.56271818,32.65449555,18.77949006,23.91922865,45.77059665,72.04524289,44.60860687,41.02463302,English Premier League,Aston Villa
club_Stade de Reims,-0.08317831,-0.094890116,-0.389682055,-0.011499188,-0.035201468,-0.143384248,0,0.0056283,0,0,-0.002920914,0,0,-0.000650058,0,20.3580379,0,25.91863469,20.45002955,26.79936711,26.64517384,0,57.40520116,44.18177043,100,68.80234182,69.51239403,0,49.41264305,32.65449555,15.42555753,24.6315235,50.7934858,69.15736793,41.0335693,40.20830081,French Ligue 1,Stade de Reims
club_Lecce,-0.061346471,0.007622007,-0.996272445,-0.00666369,-0.006284382,-0.231705979,0,0.00278041,0,0,-0.011573756,0,0,0,0,29.2069607,22.35737445,0,31.92817566,47.51200662,8.353338198,0,50.67882046,44.18177043,100,49.84209548,69.51239403,0,54.75196852,32.65449555,17.18811171,29.26450683,47.43029545,59.67724476,43.70323204,39.45267816,Italian Serie A,Lecce
club_Burnley,0,0.042981013,0.20982635,0,0.023171216,0.027668849,0,0.000350126,0,-0.005678434,-0.030888081,-0.109023705,0,0.000167522,0,54.07203022,30.06899448,51.5346675,47.74594928,68.61037011,62.07105502,0,44.93877441,44.18177043,0,7.52023489,0,0,56.12793229,32.65449555,45.22523073,59.47579147,44.56027242,3.760117445,44.39121392,39.4825252,English Premier League,Burnley
club_Sheffield United,-0.013107507,0.021591828,0,0,0.005797034,0,0,-0.005178959,-0.019469615,-0.000956791,-0.034320072,-0.099282444,0,-0.002623873,0,48.75927046,25.40412173,42.56912401,47.74594928,56.16564562,56.34070951,0,31.87972372,29.78861483,83.15043622,0,6.210928293,0,33.20047461,32.65449555,38.91083873,53.41743481,30.83416928,3.105464147,32.92748508,31.83907841,English Premier League,Sheffield United
club_CA Osasuna,-0.113170138,-0.048330025,-0.804321527,-0.009431351,-0.072616285,-0.169006199,0,-0.018676547,-0.010244358,0,0.000405569,0.041776191,0,0.000451332,0,8.201692666,10.15451998,8.201754895,25.35850691,0,21.3387503,0,0,36.60850086,100,76.09138488,96.14846439,0,58.45904067,32.65449555,8.852655848,15.5657524,18.30425043,86.11992464,45.55676811,34.87987028,Spain Primera Division,CA Osasuna
club_Granada CF,-0.133405147,-0.089887939,-0.924174428,-0.020114349,-0.031693337,-0.27203989,0,-0.000309159,0,0,0.003208643,0,0,-0.000258577,0,0,1.090949428,3.080632644,0,29.31216004,0,0,43.38162066,44.18177043,100,82.233526,69.51239403,0,52.62811384,32.65449555,1.390527357,9.770720013,43.78169555,75.87296002,42.6413047,34.69144153,Spain Primera Division,Granada CF
